Fazenda;Numero_Matriz;Nome_Matriz;Tipo;Data_Reproducao;Reprodutor;Diagnostico;Data_Parto;Lancado_em;ID_Registro;Acao
CHÁCARA;02;NINA;Inseminação;04/04/2025;ALTAMOHANA;Vazio;;10/07/2026 18:39;2405675;MANTER
CHÁCARA;02;NINA;Inseminação;04/04/2025;ALTAMOHANA;Vazio;;10/07/2026 18:39;2405677;EXCLUIR
FAZENDA 2 MENINAS;002;ESTRELINHA;Inseminação;05/06/2025;200GO0025;Não diagnosticado;;11/08/2026 00:43;2412739;MANTER
FAZENDA 2 MENINAS;002;ESTRELINHA;Inseminação;05/06/2025;200GO0025;Não diagnosticado;;22/07/2026 12:37;2408446;EXCLUIR
FAZENDA 2 MENINAS;003;BURRAINHA;Inseminação;05/06/2025;200GO0025;Não diagnosticado;;11/08/2026 00:43;2412740;MANTER
FAZENDA 2 MENINAS;003;BURRAINHA;Inseminação;05/06/2025;200GO0025;Não diagnosticado;;22/07/2026 12:37;2408460;EXCLUIR
FAZENDA ACALANTO;77;77;Inseminação;07/10/2025;NATURAL;Não diagnosticado;;03/03/2026 19:48;2385219;MANTER
FAZENDA ACALANTO;77;77;Inseminação;07/10/2025;NATURAL;Não diagnosticado;;03/03/2026 19:48;2385241;EXCLUIR
FAZENDA ACALANTO;1144;1144;Inseminação;07/10/2025;NATURAL;Não diagnosticado;;03/03/2026 19:48;2385176;MANTER
FAZENDA ACALANTO;1144;1144;Inseminação;07/10/2025;NATURAL;Não diagnosticado;;03/03/2026 19:48;2385210;EXCLUIR
FAZENDA ACALANTO;67;67;Inseminação;07/10/2025;NATURAL;Não diagnosticado;;03/03/2026 19:48;2385087;MANTER
FAZENDA ACALANTO;67;67;Inseminação;07/10/2025;NATURAL;Não diagnosticado;;03/03/2026 19:48;2385101;EXCLUIR
FAZENDA ACALANTO;1854 - ALQ 2522;1854 - ALQ 2522;Inseminação;03/06/2025;COMODORO DE NAVIRAI;Vazio;;03/03/2026 19:48;2384677;MANTER
FAZENDA ACALANTO;1854 - ALQ 2522;1854 - ALQ 2522;Inseminação;03/06/2025;COMODORO DE NAVIRAI;Vazio;;03/03/2026 19:48;2384678;EXCLUIR
FAZENDA ACALANTO;343;343;Inseminação;14/04/2025;REM HADOQUE;Não diagnosticado;;03/03/2026 19:48;2384306;MANTER
FAZENDA ACALANTO;343;343;Inseminação;14/04/2025;REM HADOQUE;Não diagnosticado;;03/03/2026 19:48;2384336;EXCLUIR
FAZENDA ACALANTO;343;343;Inseminação;07/10/2025;NATURAL;Não diagnosticado;;03/03/2026 19:48;2385224;MANTER
FAZENDA ACALANTO;343;343;Inseminação;07/10/2025;NATURAL;Não diagnosticado;;03/03/2026 19:48;2385286;EXCLUIR
FAZENDA ACALANTO;PO SN;PO SN;Inseminação;11/01/2025;FAJARDO GB;Prenhez;;03/03/2026 19:48;2383772;MANTER
FAZENDA ACALANTO;PO SN;PO SN;Inseminação;11/01/2025;FAJARDO GB;Vazio;;03/03/2026 19:48;2383776;EXCLUIR
FAZENDA ACALANTO;756;756;Inseminação;07/10/2025;NATURAL;Não diagnosticado;;03/03/2026 19:48;2385054;MANTER
FAZENDA ACALANTO;756;756;Inseminação;07/10/2025;NATURAL;Não diagnosticado;;03/03/2026 19:48;2385099;EXCLUIR
FAZENDA ACALANTO;756;756;Inseminação;07/10/2025;NATURAL;Não diagnosticado;;03/03/2026 19:48;2385107;EXCLUIR
FAZENDA ACALANTO;951;951;Inseminação;07/10/2025;NATURAL;Não diagnosticado;;03/03/2026 19:48;2385175;MANTER
FAZENDA ACALANTO;951;951;Inseminação;07/10/2025;NATURAL;Não diagnosticado;;03/03/2026 19:48;2385198;EXCLUIR
FAZENDA ACALANTO;1521;1521;Inseminação;26/11/2025;QATAR DA DI GÊNIO;Não diagnosticado;;03/03/2026 19:48;2385461;MANTER
FAZENDA ACALANTO;1521;1521;Inseminação;26/11/2025;QATAR DA DI GÊNIO;Não diagnosticado;;03/03/2026 19:48;2385468;EXCLUIR
FAZENDA ÁGUA BONITA;726;726;Inseminação;18/11/2025;NATURAL;Não diagnosticado;;03/03/2026 15:56;2383439;MANTER
FAZENDA ÁGUA BONITA;726;726;Inseminação;18/11/2025;NATURAL;Não diagnosticado;;03/03/2026 15:56;2383441;EXCLUIR
FAZENDA ÁGUA BONITA;352;352;Inseminação;18/11/2025;NATURAL;Não diagnosticado;;03/03/2026 15:56;2383425;MANTER
FAZENDA ÁGUA BONITA;352;352;Inseminação;18/11/2025;NATURAL;Não diagnosticado;;03/03/2026 15:56;2383454;EXCLUIR
FAZENDA ÁGUA BONITA;52;52;Inseminação;06/06/2025;QUICKMAN COL;Prenhez;;03/03/2026 15:56;2383134;MANTER
FAZENDA ÁGUA BONITA;52;52;Inseminação;06/06/2025;QUICKMAN COL;Prenhez;;03/03/2026 15:56;2383192;EXCLUIR
FAZENDA ÁGUA BONITA;302;302;Inseminação;15/04/2025;QUICKMAN COL;Prenhez;;03/03/2026 15:56;2383025;MANTER
FAZENDA ÁGUA BONITA;302;302;Inseminação;15/04/2025;QUICKMAN COL;Prenhez;;03/03/2026 15:56;2383041;EXCLUIR
FAZENDA ÁGUA BONITA;367;367;Inseminação;15/04/2025;QUICKMAN COL;Vazio;;03/03/2026 15:56;2383034;MANTER
FAZENDA ÁGUA BONITA;367;367;Inseminação;15/04/2025;QUICKMAN COL;Prenhez;;03/03/2026 15:56;2383099;EXCLUIR
FAZENDA ÁGUA BONITA;97;97;Inseminação;06/06/2025;QUICKMAN COL;Vazio;;03/03/2026 15:56;2383131;MANTER
FAZENDA ÁGUA BONITA;97;97;Inseminação;06/06/2025;QUICKMAN COL;Prenhez;;03/03/2026 15:56;2383144;EXCLUIR
FAZENDA ÁGUA BONITA;284;284;Inseminação;20/01/2025;QUICKMAN COL;Prenhez;;03/03/2026 15:56;2382739;MANTER
FAZENDA ÁGUA BONITA;284;284;Inseminação;20/01/2025;QUICKMAN COL;Prenhez;;03/03/2026 15:56;2382762;EXCLUIR
FAZENDA ÁGUA BONITA;610;610;Inseminação;10/09/2024;TARUMÃ TUL;Vazio;;03/03/2026 15:56;2382546;MANTER
FAZENDA ÁGUA BONITA;610;610;Inseminação;10/09/2024;TARUMÃ TUL;Vazio;;03/03/2026 15:56;2382552;EXCLUIR
FAZENDA ÁGUA BONITA;238;238;Inseminação;06/06/2025;QUICKMAN COL;Prenhez;;03/03/2026 15:56;2383167;MANTER
FAZENDA ÁGUA BONITA;238;238;Inseminação;06/06/2025;QUICKMAN COL;Prenhez;;03/03/2026 15:56;2383189;EXCLUIR
FAZENDA BELA VISTA;25 LEITE;FILHA DA CORAÇÃO;Inseminação;27/06/2026;1664-CL;Não diagnosticado;;15/05/2026 15:37;2398729;MANTER
FAZENDA BELA VISTA;25 LEITE;FILHA DA CORAÇÃO;Inseminação;27/06/2026;1664-CL;Não diagnosticado;;26/06/2026 20:38;2402708;EXCLUIR
Fazenda Cachoeira;801;JLKK;Inseminação;07/02/2020;RFA 4780;Prenhez;17/11/2020;27/02/2026 19:00;2372524;MANTER
Fazenda Cachoeira;801;JLKK;Inseminação;07/02/2020;RFA 4780;Prenhez;17/11/2020;04/09/2026 15:38;2420006;EXCLUIR
Fazenda Cachoeira;801;JLKK;Inseminação;04/05/2024;P172 R176 19;Prenhez;27/02/2025;04/09/2026 15:38;2420717;MANTER
Fazenda Cachoeira;801;JLKK;Inseminação;04/05/2024;P172 R176 19;Não diagnosticado;;27/08/2026 20:18;2418614;EXCLUIR
Fazenda Cachoeira;810;JLK;Inseminação;18/04/2024;JCDG12029;Prenhez;02/02/2025;08/09/2026 19:10;2422093;MANTER
Fazenda Cachoeira;810;JLK;Inseminação;18/04/2024;JCDG12029;Não diagnosticado;;04/09/2026 15:38;2420755;EXCLUIR
Fazenda Cachoeira;2915;;Monta Natural;11/03/2025;T001;Não diagnosticado;;25/08/2026 19:35;2415247;MANTER
Fazenda Cachoeira;2915;;Monta Natural;11/03/2025;T001;Não diagnosticado;;08/09/2026 17:27;2422085;EXCLUIR
Fazenda Cachoeira;1209;JLK;Monta Natural;17/10/2024;1348;Prenhez;07/08/2025;25/08/2026 19:35;2415065;MANTER
Fazenda Cachoeira;1209;JLK;Monta Natural;17/10/2024;1348;Prenhez;07/08/2025;04/09/2026 20:31;2421018;EXCLUIR
Fazenda Cachoeira;570;JLKK;Monta Natural;15/12/2022;T002;Não diagnosticado;;25/08/2026 19:35;2415415;MANTER
Fazenda Cachoeira;570;JLKK;Monta Natural;15/12/2022;T002;Não diagnosticado;;08/09/2026 17:27;2422075;EXCLUIR
Fazenda Cachoeira;1452;JLK;Inseminação;24/10/2024;Z.   C165277;Prenhez;16/08/2025;08/09/2026 19:51;2422101;MANTER
Fazenda Cachoeira;1452;JLK;Inseminação;24/10/2024;Z.   C165277;Não diagnosticado;;04/09/2026 15:38;2420894;EXCLUIR
Fazenda Cachoeira;893;JLK;Inseminação;14/12/2023;197217AJ;Prenhez;05/10/2024;09/09/2026 14:29;2422608;MANTER
Fazenda Cachoeira;893;JLK;Inseminação;14/12/2023;197217AJ;Não diagnosticado;;04/09/2026 15:38;2420758;EXCLUIR
Fazenda Cachoeira;270;;Inseminação;20/02/2025;THH0003;Prenhez;10/12/2025;25/08/2026 20:15;2417234;MANTER
Fazenda Cachoeira;270;;Inseminação;20/02/2025;THH0003;Prenhez;10/12/2025;09/09/2026 14:16;2422569;EXCLUIR
Fazenda Cachoeira;1781;;Monta Natural;14/12/2023;T001;Não diagnosticado;;27/08/2026 20:18;2418695;MANTER
Fazenda Cachoeira;1781;;Monta Natural;14/12/2023;T001;Não diagnosticado;;08/09/2026 17:27;2422079;EXCLUIR
Fazenda Cachoeira;1781;;Monta Natural;21/12/2023;T001;Prenhez;10/10/2024;04/09/2026 20:31;2420951;MANTER
Fazenda Cachoeira;1781;;Monta Natural;21/12/2023;T001;Prenhez;10/10/2024;09/09/2026 12:00;2422549;EXCLUIR
Fazenda Cachoeira;1781;;Monta Natural;21/12/2023;T001;Prenhez;10/10/2024;09/09/2026 14:29;2422605;EXCLUIR
Fazenda Cachoeira;805;JLK;Monta Natural;01/01/2025;T001;Prenhez;17/10/2025;04/09/2026 20:31;2421049;MANTER
Fazenda Cachoeira;805;JLK;Monta Natural;01/01/2025;T001;Não diagnosticado;;27/08/2026 20:18;2418969;EXCLUIR
Fazenda Cachoeira;809;JLK;Monta Natural;26/10/2023;T001;Prenhez;09/08/2024;04/09/2026 20:31;2421017;MANTER
Fazenda Cachoeira;809;JLK;Monta Natural;26/10/2023;T001;Não diagnosticado;;25/08/2026 19:35;2415081;EXCLUIR
Fazenda Cachoeira;1101;JLK;Monta Natural;25/05/2024;T001;Prenhez;15/03/2025;04/09/2026 20:31;2420927;MANTER
Fazenda Cachoeira;1101;JLK;Monta Natural;25/05/2024;T001;Prenhez;15/03/2025;04/09/2026 20:31;2420928;EXCLUIR
Fazenda Cachoeira;1556;;Inseminação;10/06/2026;H1162;Vazio;;25/08/2026 20:15;2417427;MANTER
Fazenda Cachoeira;1556;JLK;Inseminação;10/06/2026;H1162;Não diagnosticado;;10/06/2026 20:29;2400032;EXCLUIR
Fazenda Cachoeira;817;JLKK;Monta Natural;26/10/2023;T001;Não diagnosticado;;16/09/2026 12:13;2430009;MANTER
Fazenda Cachoeira;817;JLKK;Monta Natural;26/10/2023;T001;Não diagnosticado;;16/09/2026 12:14;2430010;EXCLUIR
Fazenda Cachoeira;817;;Monta Natural;26/10/2023;T001;Não diagnosticado;;25/08/2026 19:35;2415148;MANTER
Fazenda Cachoeira;817;;Monta Natural;26/10/2023;T001;Não diagnosticado;;08/09/2026 17:27;2422080;EXCLUIR
Fazenda Cachoeira;804;JLKK;Monta Natural;15/10/2022;T002;Não diagnosticado;;25/08/2026 19:35;2415492;MANTER
Fazenda Cachoeira;804;JLKK;Monta Natural;15/10/2022;T002;Não diagnosticado;;08/09/2026 17:27;2422064;EXCLUIR
Fazenda Cachoeira;804;JLKK;Monta Natural;04/07/2023;T001;Prenhez;23/04/2024;04/09/2026 20:55;2421186;MANTER
Fazenda Cachoeira;804;JLKK;Monta Natural;04/07/2023;T001;Prenhez;23/04/2024;09/09/2026 12:00;2422454;EXCLUIR
Fazenda Cachoeira;1556;;Inseminação;10/06/2026;H1162;Não diagnosticado;;16/09/2026 13:28;2430025;MANTER
Fazenda Cachoeira;1556;;Inseminação;10/06/2026;H1162;Não diagnosticado;;16/09/2026 13:29;2430026;EXCLUIR
Fazenda Cachoeira;1766;JLK;Monta Natural;01/02/2024;T001;Não diagnosticado;;25/08/2026 19:35;2415125;MANTER
Fazenda Cachoeira;1766;JLK;Monta Natural;01/02/2024;T001;Não diagnosticado;;08/09/2026 17:27;2422078;EXCLUIR
Fazenda Cachoeira;565;JLKK;Monta Natural;30/06/2024;T001;Prenhez;15/04/2025;04/09/2026 20:31;2420988;MANTER
Fazenda Cachoeira;565;JLKK;Monta Natural;30/06/2024;T001;Prenhez;15/04/2025;09/09/2026 12:00;2422550;EXCLUIR
Fazenda Cachoeira;3352;;Monta Natural;11/03/2025;T001;Não diagnosticado;;25/08/2026 19:35;2415370;MANTER
Fazenda Cachoeira;3352;;Monta Natural;11/03/2025;T001;Não diagnosticado;;08/09/2026 17:27;2422086;EXCLUIR
Fazenda Cachoeira;1068;JLK;Monta Natural;17/11/2024;T001;Prenhez;07/09/2025;04/09/2026 20:55;2421514;MANTER
Fazenda Cachoeira;1068;JLK;Monta Natural;17/11/2024;T001;Prenhez;07/09/2025;04/09/2026 20:55;2421515;EXCLUIR
FAZENDA CATAVENTO;NFC 284;MIRELE;Inseminação;16/11/2025;REMP 1715;Vazio;;24/03/2026 22:26;2388357;MANTER
FAZENDA CATAVENTO;NFC 284;MIRELE;Inseminação;16/11/2025;REMP 1715;Vazio;;24/03/2026 22:26;2388451;EXCLUIR
FAZENDA CATAVENTO;NFC 284;MIRELE;Inseminação;16/11/2025;REMP 1715;Vazio;;24/03/2026 22:26;2388498;EXCLUIR
FAZENDA CATAVENTO;NFC 284;MIRELE;Inseminação;16/11/2025;REMP 1715;Não diagnosticado;;24/03/2026 22:26;2388531;EXCLUIR
FAZENDA CATAVENTO;4076;4076 DA ANP;Inseminação;21/02/2026;8259;Prenhez;;03/04/2026 19:23;2393351;MANTER
FAZENDA CATAVENTO;4076;4076 DA ANP;Inseminação;21/02/2026;8259;Prenhez;;03/04/2026 19:33;2393352;EXCLUIR
FAZENDA CATAVENTO;9;FC 9;Inseminação;29/05/2023;3108;Prenhez;;24/03/2026 22:26;2387868;MANTER
FAZENDA CATAVENTO;9;FC 9;Inseminação;29/05/2023;3108;Não diagnosticado;;24/03/2026 22:26;2387850;EXCLUIR
FAZENDA CATAVENTO;B1721;B1721 DP;Inseminação;16/11/2025;REMP 1715;Prenhez;;24/03/2026 22:26;2388334;MANTER
FAZENDA CATAVENTO;B1721;B1721 DP;Inseminação;16/11/2025;REMP 1715;Prenhez;;24/03/2026 22:26;2388442;EXCLUIR
FAZENDA CATAVENTO;B1721;B1721 DP;Inseminação;16/11/2025;REMP 1715;Vazio;;24/03/2026 22:26;2388477;EXCLUIR
FAZENDA CATAVENTO;B1721;B1721 DP;Inseminação;16/11/2025;REMP 1715;Não diagnosticado;;24/03/2026 22:26;2388510;EXCLUIR
FAZENDA CATAVENTO;NFC 315;LIRA CATAVENTO;Inseminação;16/11/2025;RDM A7389;Vazio;;24/03/2026 22:26;2388326;MANTER
FAZENDA CATAVENTO;NFC 315;LIRA CATAVENTO;Inseminação;16/11/2025;RDM A7389;Não diagnosticado;;24/03/2026 22:26;2388470;EXCLUIR
FAZENDA CATAVENTO;NFC 285;CONQUISTA;Inseminação;16/11/2025;LCCF 1153;Prenhez;;24/03/2026 22:26;2388362;MANTER
FAZENDA CATAVENTO;NFC 285;CONQUISTA;Inseminação;16/11/2025;LCCF 1153;Prenhez;;24/03/2026 22:26;2388453;EXCLUIR
FAZENDA CATAVENTO;NFC 285;CONQUISTA;Inseminação;16/11/2025;LCCF 1153;Prenhez;;24/03/2026 22:26;2388501;EXCLUIR
FAZENDA CATAVENTO;NFC 285;CONQUISTA;Inseminação;16/11/2025;LCCF 1153;Não diagnosticado;;24/03/2026 22:26;2388534;EXCLUIR
FAZENDA CATAVENTO;A217;NASA MACHADINHO;Inseminação;16/11/2025;RDM A7389;Vazio;;24/03/2026 22:26;2388329;MANTER
FAZENDA CATAVENTO;A217;NASA MACHADINHO;Inseminação;16/11/2025;RDM A7389;Vazio;;24/03/2026 22:26;2388473;EXCLUIR
FAZENDA CATAVENTO;A217;NASA MACHADINHO;Inseminação;16/11/2025;RDM A7389;Não diagnosticado;;24/03/2026 22:26;2388506;EXCLUIR
FAZENDA CATAVENTO;NFC 326;BRAVA CATAVENTO;Inseminação;16/11/2025;LCCF 1153;Prenhez;;24/03/2026 22:26;2388335;MANTER
FAZENDA CATAVENTO;NFC 326;BRAVA CATAVENTO;Inseminação;16/11/2025;LCCF 1153;Prenhez;;24/03/2026 22:26;2388478;EXCLUIR
FAZENDA CATAVENTO;NFC 326;BRAVA CATAVENTO;Inseminação;16/11/2025;LCCF 1153;Não diagnosticado;;24/03/2026 22:26;2388511;EXCLUIR
FAZENDA CATAVENTO;NFC 239;GRETA;Inseminação;16/11/2025;LCCF 1153;Vazio;;24/03/2026 22:26;2388363;MANTER
FAZENDA CATAVENTO;NFC 239;GRETA;Inseminação;16/11/2025;LCCF 1153;Vazio;;24/03/2026 22:26;2388433;EXCLUIR
FAZENDA CATAVENTO;NFC 239;GRETA;Inseminação;16/11/2025;LCCF 1153;Vazio;;24/03/2026 22:26;2388502;EXCLUIR
FAZENDA CATAVENTO;NFC 239;GRETA;Inseminação;16/11/2025;LCCF 1153;Não diagnosticado;;24/03/2026 22:26;2388535;EXCLUIR
FAZENDA CATAVENTO;NFCC 74;DAMA;Inseminação;16/11/2025;REMP 1715;Vazio;;24/03/2026 22:26;2388338;MANTER
FAZENDA CATAVENTO;NFCC 74;DAMA;Inseminação;16/11/2025;REMP 1715;Vazio;;24/03/2026 22:26;2388444;EXCLUIR
FAZENDA CATAVENTO;NFCC 74;DAMA;Inseminação;16/11/2025;REMP 1715;Vazio;;24/03/2026 22:26;2388481;EXCLUIR
FAZENDA CATAVENTO;NFCC 74;DAMA;Inseminação;16/11/2025;REMP 1715;Não diagnosticado;;24/03/2026 22:26;2388514;EXCLUIR
FAZENDA CATAVENTO;FSM A2432;2432 DA SM;Inseminação;16/11/2025;REMP 1715;Vazio;;24/03/2026 22:26;2388340;MANTER
FAZENDA CATAVENTO;FSM A2432;2432 DA SM;Inseminação;16/11/2025;REMP 1715;Vazio;;24/03/2026 22:26;2388504;EXCLUIR
FAZENDA CATAVENTO;FSM A2432;2432 DA SM;Inseminação;16/11/2025;REMP 1715;Não diagnosticado;;24/03/2026 22:26;2388515;EXCLUIR
FAZENDA CATAVENTO;NFCC 73;AGNES;Inseminação;16/11/2025;REMP 1715;Vazio;;24/03/2026 22:26;2388359;MANTER
FAZENDA CATAVENTO;NFCC 73;AGNES;Inseminação;16/11/2025;REMP 1715;Vazio;;24/03/2026 22:26;2388452;EXCLUIR
FAZENDA CATAVENTO;NFCC 73;AGNES;Inseminação;16/11/2025;REMP 1715;Vazio;;24/03/2026 22:26;2388499;EXCLUIR
FAZENDA CATAVENTO;NFCC 73;AGNES;Inseminação;16/11/2025;REMP 1715;Não diagnosticado;;24/03/2026 22:26;2388532;EXCLUIR
FAZENDA CATAVENTO;44;FC 44;Inseminação;22/03/2025;;Prenhez;28/12/2025;13/05/2026 23:51;2398727;MANTER
FAZENDA CATAVENTO;44;FC 44;Inseminação;22/03/2025;;Prenhez;;24/03/2026 22:26;2388169;EXCLUIR
FAZENDA CATAVENTO;LBMN E2800;E2800 DA MN;Inseminação;16/11/2025;RDM A7389;Prenhez;;24/03/2026 22:26;2388320;MANTER
FAZENDA CATAVENTO;LBMN E2800;E2800 DA MN;Inseminação;16/11/2025;RDM A7389;Não diagnosticado;;24/03/2026 22:26;2388464;EXCLUIR
FAZENDA CATAVENTO;NFC 251;CINTILANTE;Inseminação;17/07/2025;XRGM 4865;Prenhez;;24/03/2026 22:26;2388217;MANTER
FAZENDA CATAVENTO;NFC 251;CINTILANTE;Inseminação;17/07/2025;XRGM 4865;Não diagnosticado;;24/03/2026 22:26;2388134;EXCLUIR
FAZENDA CATAVENTO;954;GRACIA FIV AL CANAA;Inseminação;16/11/2025;REMP 1715;Vazio;;24/03/2026 22:26;2388353;MANTER
FAZENDA CATAVENTO;954;GRACIA FIV AL CANAA;Inseminação;16/11/2025;REMP 1715;Vazio;;24/03/2026 22:26;2388431;EXCLUIR
FAZENDA CATAVENTO;954;GRACIA FIV AL CANAA;Inseminação;16/11/2025;REMP 1715;Vazio;;24/03/2026 22:26;2388494;EXCLUIR
FAZENDA CATAVENTO;954;GRACIA FIV AL CANAA;Inseminação;16/11/2025;REMP 1715;Não diagnosticado;;24/03/2026 22:26;2388527;EXCLUIR
FAZENDA CATAVENTO;NFC 313;RARA CATAVENTO;Inseminação;16/11/2025;LCCF 1153;Prenhez;;24/03/2026 22:26;2388315;MANTER
FAZENDA CATAVENTO;NFC 313;RARA CATAVENTO;Inseminação;16/11/2025;LCCF 1153;Não diagnosticado;;24/03/2026 22:26;2388459;EXCLUIR
FAZENDA CATAVENTO;NFC 209;NEBLINA;Inseminação;16/11/2025;RDM A7389;Vazio;;24/03/2026 22:26;2388332;MANTER
FAZENDA CATAVENTO;NFC 209;NEBLINA;Inseminação;16/11/2025;RDM A7389;Vazio;;24/03/2026 22:26;2388475;EXCLUIR
FAZENDA CATAVENTO;NFC 209;NEBLINA;Inseminação;16/11/2025;RDM A7389;Não diagnosticado;;24/03/2026 22:26;2388508;EXCLUIR
FAZENDA CATAVENTO;NFC 290;MEDALHA;Inseminação;16/11/2025;RDM A7389;Vazio;;24/03/2026 22:26;2388317;MANTER
FAZENDA CATAVENTO;NFC 290;MEDALHA;Inseminação;16/11/2025;RDM A7389;Não diagnosticado;;24/03/2026 22:26;2388461;EXCLUIR
FAZENDA CATAVENTO;F 443;FC F 443;Inseminação;11/01/2026;;Prenhez;;30/03/2026 02:30;2390139;MANTER
FAZENDA CATAVENTO;F 443;FC F 443;Inseminação;11/01/2026;;Prenhez;;02/04/2026 20:42;2393283;EXCLUIR
FAZENDA CATAVENTO;NFC 273;RANNAH;Inseminação;16/11/2025;RDM A7389;Vazio;;24/03/2026 22:26;2388341;MANTER
FAZENDA CATAVENTO;NFC 273;RANNAH;Inseminação;16/11/2025;RDM A7389;Vazio;;24/03/2026 22:26;2388427;EXCLUIR
FAZENDA CATAVENTO;NFC 273;RANNAH;Inseminação;16/11/2025;RDM A7389;Vazio;;24/03/2026 22:26;2388482;EXCLUIR
FAZENDA CATAVENTO;NFC 273;RANNAH;Inseminação;16/11/2025;RDM A7389;Não diagnosticado;;24/03/2026 22:26;2388516;EXCLUIR
FAZENDA CATAVENTO;FSM A1879;DHARANNA DA SM;Inseminação;16/11/2025;LCCF 1153;Vazio;;24/03/2026 22:26;2388337;MANTER
FAZENDA CATAVENTO;FSM A1879;DHARANNA DA SM;Inseminação;16/11/2025;LCCF 1153;Vazio;;24/03/2026 22:26;2388426;EXCLUIR
FAZENDA CATAVENTO;FSM A1879;DHARANNA DA SM;Inseminação;16/11/2025;LCCF 1153;Vazio;;24/03/2026 22:26;2388480;EXCLUIR
FAZENDA CATAVENTO;FSM A1879;DHARANNA DA SM;Inseminação;16/11/2025;LCCF 1153;Não diagnosticado;;24/03/2026 22:26;2388513;EXCLUIR
FAZENDA CATAVENTO;NFC 309;DEUSA;Inseminação;16/11/2025;LCCF 1153;Vazio;;24/03/2026 22:26;2388346;MANTER
FAZENDA CATAVENTO;NFC 309;DEUSA;Inseminação;16/11/2025;LCCF 1153;Vazio;;24/03/2026 22:26;2388429;EXCLUIR
FAZENDA CATAVENTO;NFC 309;DEUSA;Inseminação;16/11/2025;LCCF 1153;Vazio;;24/03/2026 22:26;2388488;EXCLUIR
FAZENDA CATAVENTO;NFC 309;DEUSA;Inseminação;16/11/2025;LCCF 1153;Não diagnosticado;;24/03/2026 22:26;2388521;EXCLUIR
FAZENDA CATAVENTO;VBA C6429;VBA C6429;Inseminação;17/07/2025;FNAN 77;Prenhez;;24/03/2026 22:26;2388129;MANTER
FAZENDA CATAVENTO;VBA C6429;VBA C6429;Inseminação;17/07/2025;FNAN 77;Prenhez;;24/03/2026 22:26;2388214;EXCLUIR
FAZENDA CATAVENTO;6766;ACCENT;Inseminação;16/11/2025;RDM A7389;Vazio;;24/03/2026 22:26;2388344;MANTER
FAZENDA CATAVENTO;6766;ACCENT;Inseminação;16/11/2025;RDM A7389;Não diagnosticado;;24/03/2026 22:26;2388486;EXCLUIR
FAZENDA CATAVENTO;7789;7789 MAFRA;Inseminação;16/11/2025;RDM A7389;Prenhez;;24/03/2026 22:26;2388347;MANTER
FAZENDA CATAVENTO;7789;7789 MAFRA;Inseminação;16/11/2025;RDM A7389;Prenhez;;24/03/2026 22:26;2388447;EXCLUIR
FAZENDA CATAVENTO;7789;7789 MAFRA;Inseminação;16/11/2025;RDM A7389;Prenhez;;24/03/2026 22:26;2388489;EXCLUIR
FAZENDA CATAVENTO;7789;7789 MAFRA;Inseminação;16/11/2025;RDM A7389;Não diagnosticado;;24/03/2026 22:26;2388522;EXCLUIR
FAZENDA CATAVENTO;KAT 6606;6606 KATISPERA;Inseminação;15/03/2025;EAO B1828;Vazio;;24/03/2026 22:26;2388364;MANTER
FAZENDA CATAVENTO;KAT 6606;6606 KATISPERA;Inseminação;15/03/2025;EAO B1828;Vazio;;24/03/2026 22:26;2388454;EXCLUIR
FAZENDA CATAVENTO;KAT 6606;6606 KATISPERA;Inseminação;15/03/2025;EAO B1828;Prenhez;;24/03/2026 22:26;2388503;EXCLUIR
FAZENDA CATAVENTO;KAT 6606;6606 KATISPERA;Inseminação;15/03/2025;EAO B1828;Não diagnosticado;;24/03/2026 22:26;2388536;EXCLUIR
FAZENDA CATAVENTO;KAT 6606;6606 KATISPERA;Inseminação;16/11/2025;REMP 1715;Prenhez;;24/03/2026 22:26;2388324;MANTER
FAZENDA CATAVENTO;KAT 6606;6606 KATISPERA;Inseminação;16/11/2025;REMP 1715;Prenhez;;24/03/2026 22:26;2388438;EXCLUIR
FAZENDA CATAVENTO;KAT 6606;6606 KATISPERA;Inseminação;16/11/2025;REMP 1715;Não diagnosticado;;24/03/2026 22:26;2388468;EXCLUIR
FAZENDA CATAVENTO;NFC 248;VALIOSA;Inseminação;16/11/2025;RDM A7389;Prenhez;;24/03/2026 22:26;2388356;MANTER
FAZENDA CATAVENTO;NFC 248;VALIOSA;Inseminação;16/11/2025;RDM A7389;Prenhez;;24/03/2026 22:26;2388450;EXCLUIR
FAZENDA CATAVENTO;NFC 248;VALIOSA;Inseminação;16/11/2025;RDM A7389;Prenhez;;24/03/2026 22:26;2388497;EXCLUIR
FAZENDA CATAVENTO;NFC 248;VALIOSA;Inseminação;16/11/2025;RDM A7389;Não diagnosticado;;24/03/2026 22:26;2388530;EXCLUIR
FAZENDA CATAVENTO;NFC 316;LIKA CATAVENTO;Inseminação;16/11/2025;LCCF 1153;Vazio;;24/03/2026 22:26;2388321;MANTER
FAZENDA CATAVENTO;NFC 316;LIKA CATAVENTO;Inseminação;16/11/2025;LCCF 1153;Não diagnosticado;;24/03/2026 22:26;2388465;EXCLUIR
FAZENDA CATAVENTO;NFCC 69;VINDA;Inseminação;16/11/2025;RDM A7389;Vazio;;24/03/2026 22:26;2388349;MANTER
FAZENDA CATAVENTO;NFCC 69;VINDA;Inseminação;16/11/2025;RDM A7389;Vazio;;24/03/2026 22:26;2388448;EXCLUIR
FAZENDA CATAVENTO;NFCC 69;VINDA;Inseminação;16/11/2025;RDM A7389;Vazio;;24/03/2026 22:26;2388491;EXCLUIR
FAZENDA CATAVENTO;NFCC 69;VINDA;Inseminação;16/11/2025;RDM A7389;Não diagnosticado;;24/03/2026 22:26;2388524;EXCLUIR
FAZENDA CATAVENTO;NFCC 60;FIGURA;Inseminação;16/11/2025;REMP 1715;Vazio;;24/03/2026 22:26;2388350;MANTER
FAZENDA CATAVENTO;NFCC 60;FIGURA;Inseminação;16/11/2025;REMP 1715;Vazio;;24/03/2026 22:26;2388430;EXCLUIR
FAZENDA CATAVENTO;NFCC 60;FIGURA;Inseminação;16/11/2025;REMP 1715;Vazio;;24/03/2026 22:26;2388492;EXCLUIR
FAZENDA CATAVENTO;NFCC 60;FIGURA;Inseminação;16/11/2025;REMP 1715;Não diagnosticado;;24/03/2026 22:26;2388525;EXCLUIR
FAZENDA CATAVENTO;9629;NEPALEZA MACHADINHO;Inseminação;16/11/2025;RDM A7389;Vazio;;24/03/2026 22:26;2388322;MANTER
FAZENDA CATAVENTO;9629;NEPALEZA MACHADINHO;Inseminação;16/11/2025;RDM A7389;Vazio;;24/03/2026 22:26;2388436;EXCLUIR
FAZENDA CATAVENTO;9629;NEPALEZA MACHADINHO;Inseminação;16/11/2025;RDM A7389;Não diagnosticado;;24/03/2026 22:26;2388466;EXCLUIR
FAZENDA CATAVENTO;NFC 288;OLIMPICA;Inseminação;16/11/2025;LCCF 1153;Vazio;;24/03/2026 22:26;2388342;MANTER
FAZENDA CATAVENTO;NFC 288;OLIMPICA;Inseminação;16/11/2025;LCCF 1153;Vazio;;24/03/2026 22:26;2388445;EXCLUIR
FAZENDA CATAVENTO;NFC 288;OLIMPICA;Inseminação;16/11/2025;LCCF 1153;Vazio;;24/03/2026 22:26;2388484;EXCLUIR
FAZENDA CATAVENTO;NFC 288;OLIMPICA;Inseminação;16/11/2025;LCCF 1153;Não diagnosticado;;24/03/2026 22:26;2388518;EXCLUIR
FAZENDA CATAVENTO;LBMN E2338;E2338 DA MN;Inseminação;13/01/2025;FANO 2978;Prenhez;;24/03/2026 22:26;2388092;MANTER
FAZENDA CATAVENTO;LBMN E2338;E2338 DA MN;Inseminação;13/01/2025;FANO 2978;Prenhez;;24/03/2026 22:26;2388104;EXCLUIR
FAZENDA CATAVENTO;LBLB 252;252 DA NOVA CARAIBAS;Inseminação;17/07/2025;LCCF 1153;Prenhez;;24/03/2026 22:26;2388220;MANTER
FAZENDA CATAVENTO;LBLB 252;252 DA NOVA CARAIBAS;Inseminação;17/07/2025;LCCF 1153;Não diagnosticado;;24/03/2026 22:26;2388144;EXCLUIR
FAZENDA CATAVENTO;4704;RUTY DA APA;Inseminação;16/11/2025;RDM A7389;Vazio;;24/03/2026 22:26;2388345;MANTER
FAZENDA CATAVENTO;4704;RUTY DA APA;Inseminação;16/11/2025;RDM A7389;Vazio;;24/03/2026 22:26;2388487;EXCLUIR
FAZENDA CATAVENTO;4704;RUTY DA APA;Inseminação;16/11/2025;RDM A7389;Não diagnosticado;;24/03/2026 22:26;2388520;EXCLUIR
FAZENDA CATAVENTO;DCEV 161;161 DCEV;Inseminação;16/11/2025;RDM A7389;Prenhez;;24/03/2026 22:26;2388318;MANTER
FAZENDA CATAVENTO;DCEV 161;161 DCEV;Inseminação;16/11/2025;RDM A7389;Não diagnosticado;;24/03/2026 22:26;2388462;EXCLUIR
FAZENDA CATAVENTO;NFC 304;PIONEIRA;Inseminação;16/11/2025;LCCF 1153;Prenhez;;24/03/2026 22:26;2388327;MANTER
FAZENDA CATAVENTO;NFC 304;PIONEIRA;Inseminação;16/11/2025;LCCF 1153;Prenhez;;24/03/2026 22:26;2388439;EXCLUIR
FAZENDA CATAVENTO;NFC 304;PIONEIRA;Inseminação;16/11/2025;LCCF 1153;Prenhez;;24/03/2026 22:26;2388471;EXCLUIR
FAZENDA CATAVENTO;NFC 304;PIONEIRA;Inseminação;16/11/2025;LCCF 1153;Não diagnosticado;;24/03/2026 22:26;2388537;EXCLUIR
FAZENDA CATAVENTO;LMGA 79;CEREJA;Inseminação;16/11/2025;REMP 1715;Vazio;;24/03/2026 22:26;2388333;MANTER
FAZENDA CATAVENTO;LMGA 79;CEREJA;Inseminação;16/11/2025;REMP 1715;Vazio;;24/03/2026 22:26;2388476;EXCLUIR
FAZENDA CATAVENTO;LMGA 79;CEREJA;Inseminação;16/11/2025;REMP 1715;Não diagnosticado;;24/03/2026 22:26;2388509;EXCLUIR
FAZENDA CATAVENTO;NFC 327;PELUCIA CATAVENTO;Inseminação;16/11/2025;LCCF 1153;Vazio;;24/03/2026 22:26;2388336;MANTER
FAZENDA CATAVENTO;NFC 327;PELUCIA CATAVENTO;Inseminação;16/11/2025;LCCF 1153;Vazio;;24/03/2026 22:26;2388443;EXCLUIR
FAZENDA CATAVENTO;NFC 327;PELUCIA CATAVENTO;Inseminação;16/11/2025;LCCF 1153;Vazio;;24/03/2026 22:26;2388479;EXCLUIR
FAZENDA CATAVENTO;NFC 327;PELUCIA CATAVENTO;Inseminação;16/11/2025;LCCF 1153;Não diagnosticado;;24/03/2026 22:26;2388512;EXCLUIR
FAZENDA CATAVENTO;NJMP 10862;10862 FIV JMP;Inseminação;16/11/2025;RDM A7389;Vazio;;24/03/2026 22:26;2388325;MANTER
FAZENDA CATAVENTO;NJMP 10862;10862 FIV JMP;Inseminação;16/11/2025;RDM A7389;Não diagnosticado;;24/03/2026 22:26;2388469;EXCLUIR
FAZENDA CATAVENTO;NJMP 9633;9633S FIV JMP;Inseminação;16/11/2025;LCCF 1153;Prenhez;;24/03/2026 22:26;2388331;MANTER
FAZENDA CATAVENTO;NJMP 9633;9633S FIV JMP;Inseminação;16/11/2025;LCCF 1153;Não diagnosticado;;24/03/2026 22:26;2388441;EXCLUIR
FAZENDA CATAVENTO;511;PELUCIA MACHADINHO;Inseminação;16/11/2025;RDM A7389;Vazio;;24/03/2026 22:26;2388319;MANTER
FAZENDA CATAVENTO;511;PELUCIA MACHADINHO;Inseminação;16/11/2025;RDM A7389;Não diagnosticado;;24/03/2026 22:26;2388463;EXCLUIR
FAZENDA CATAVENTO;7461;7461 RSAN;Inseminação;16/11/2025;RDM A7389;Vazio;;24/03/2026 22:26;2388355;MANTER
FAZENDA CATAVENTO;7461;7461 RSAN;Inseminação;16/11/2025;RDM A7389;Vazio;;24/03/2026 22:26;2388496;EXCLUIR
FAZENDA CATAVENTO;7461;7461 RSAN;Inseminação;16/11/2025;RDM A7389;Não diagnosticado;;24/03/2026 22:26;2388529;EXCLUIR
FAZENDA CATAVENTO;GRAN 2293;2293 DA GRANN;Inseminação;16/11/2025;LCCF 1153;Prenhez;;24/03/2026 22:26;2388348;MANTER
FAZENDA CATAVENTO;GRAN 2293;2293 DA GRANN;Inseminação;16/11/2025;LCCF 1153;Prenhez;;24/03/2026 22:26;2388490;EXCLUIR
FAZENDA CATAVENTO;GRAN 2293;2293 DA GRANN;Inseminação;16/11/2025;LCCF 1153;Não diagnosticado;;24/03/2026 22:26;2388523;EXCLUIR
FAZENDA CATAVENTO;NFC 299;DIVINA;Inseminação;16/11/2025;LCCF 1153;Vazio;;24/03/2026 22:26;2388323;MANTER
FAZENDA CATAVENTO;NFC 299;DIVINA;Inseminação;16/11/2025;LCCF 1153;Vazio;;24/03/2026 22:26;2388437;EXCLUIR
FAZENDA CATAVENTO;NFC 299;DIVINA;Inseminação;16/11/2025;LCCF 1153;Não diagnosticado;;24/03/2026 22:26;2388467;EXCLUIR
FAZENDA CATAVENTO;A346;NANDUKALA FIV MACHADINHO;Inseminação;16/11/2025;RDM A7389;Vazio;;24/03/2026 22:26;2388316;MANTER
FAZENDA CATAVENTO;A346;NANDUKALA FIV MACHADINHO;Inseminação;16/11/2025;RDM A7389;Não diagnosticado;;24/03/2026 22:26;2388460;EXCLUIR
FAZENDA CATAVENTO;NFC 228;BAIANA;Inseminação;16/11/2025;REMP 1715;Vazio;;24/03/2026 22:26;2388328;MANTER
FAZENDA CATAVENTO;NFC 228;BAIANA;Inseminação;16/11/2025;REMP 1715;Vazio;;24/03/2026 22:26;2388425;EXCLUIR
FAZENDA CATAVENTO;NFC 228;BAIANA;Inseminação;16/11/2025;REMP 1715;Vazio;;24/03/2026 22:26;2388472;EXCLUIR
FAZENDA CATAVENTO;NFC 228;BAIANA;Inseminação;16/11/2025;REMP 1715;Não diagnosticado;;24/03/2026 22:26;2388505;EXCLUIR
FAZENDA CATAVENTO;NFC 264;SOBERANA;Inseminação;16/11/2025;RDM A7389;Vazio;;24/03/2026 22:26;2388434;MANTER
FAZENDA CATAVENTO;NFC 264;SOBERANA;Inseminação;16/11/2025;RDM A7389;Não diagnosticado;;24/03/2026 22:26;2388358;EXCLUIR
FAZENDA CATAVENTO;NFC 233;ESPLENDIDA;Inseminação;16/11/2025;RDM A7389;Vazio;;24/03/2026 22:26;2388351;MANTER
FAZENDA CATAVENTO;NFC 233;ESPLENDIDA;Inseminação;16/11/2025;RDM A7389;Vazio;;24/03/2026 22:26;2388449;EXCLUIR
FAZENDA CATAVENTO;NFC 233;ESPLENDIDA;Inseminação;16/11/2025;RDM A7389;Vazio;;24/03/2026 22:26;2388493;EXCLUIR
FAZENDA CATAVENTO;NFC 233;ESPLENDIDA;Inseminação;16/11/2025;RDM A7389;Não diagnosticado;;24/03/2026 22:26;2388526;EXCLUIR
FAZENDA CATAVENTO;NFC 276;HAMINA;Inseminação;16/11/2025;RDM A7389;Vazio;;24/03/2026 22:26;2388354;MANTER
FAZENDA CATAVENTO;NFC 276;HAMINA;Inseminação;16/11/2025;RDM A7389;Vazio;;24/03/2026 22:26;2388432;EXCLUIR
FAZENDA CATAVENTO;NFC 276;HAMINA;Inseminação;16/11/2025;RDM A7389;Vazio;;24/03/2026 22:26;2388495;EXCLUIR
FAZENDA CATAVENTO;NFC 276;HAMINA;Inseminação;16/11/2025;RDM A7389;Não diagnosticado;;24/03/2026 22:26;2388528;EXCLUIR
FAZENDA CATAVENTO;40;FC 40;Inseminação;16/09/2022;9828;Prenhez;;24/03/2026 22:26;2387772;MANTER
FAZENDA CATAVENTO;40;FC 40;Inseminação;16/09/2022;9828;Prenhez;;24/03/2026 22:26;2387775;EXCLUIR
FAZENDA CATAVENTO;NFC 324;FORMOSA CATAVENTO;Inseminação;16/11/2025;LCCF 1153;Vazio;;24/03/2026 22:26;2388428;MANTER
FAZENDA CATAVENTO;NFC 324;FORMOSA CATAVENTO;Inseminação;16/11/2025;LCCF 1153;Vazio;;24/03/2026 22:26;2388483;EXCLUIR
FAZENDA CATAVENTO;NFC 324;FORMOSA CATAVENTO;Inseminação;16/11/2025;LCCF 1153;Não diagnosticado;;24/03/2026 22:26;2388517;EXCLUIR
FAZENDA CATAVENTO;NFC 322;FABULOSA CATAVENTO;Inseminação;16/11/2025;LCCF 1153;Vazio;;24/03/2026 22:26;2388343;MANTER
FAZENDA CATAVENTO;NFC 322;FABULOSA CATAVENTO;Inseminação;16/11/2025;LCCF 1153;Vazio;;24/03/2026 22:26;2388446;EXCLUIR
FAZENDA CATAVENTO;NFC 322;FABULOSA CATAVENTO;Inseminação;16/11/2025;LCCF 1153;Vazio;;24/03/2026 22:26;2388485;EXCLUIR
FAZENDA CATAVENTO;NFC 322;FABULOSA CATAVENTO;Inseminação;16/11/2025;LCCF 1153;Não diagnosticado;;24/03/2026 22:26;2388519;EXCLUIR
Fazenda Cordilheira;C10307;;Inseminação;22/01/2026;1007;Prenhez;;16/02/2026 21:19;2303543;MANTER
Fazenda Cordilheira;C10307;;Inseminação;22/01/2026;1007;Prenhez;;16/02/2026 21:19;2303563;EXCLUIR
Fazenda Cordilheira;C7967;;Inseminação;16/01/2026;1008;Prenhez;;16/02/2026 21:19;2303397;MANTER
Fazenda Cordilheira;C7967;;Inseminação;16/01/2026;1008;Prenhez;;16/02/2026 21:19;2303435;EXCLUIR
Fazenda Cordilheira;C7461;;Inseminação;19/12/2025;1004;Vazio;;16/02/2026 21:19;2303270;MANTER
Fazenda Cordilheira;C7461;;Inseminação;19/12/2025;1004;Prenhez;;16/02/2026 21:19;2303288;EXCLUIR
Fazenda Cordilheira;0362;;Inseminação;15/09/2025;1007;Prenhez;;16/02/2026 21:19;2300681;MANTER
Fazenda Cordilheira;0362;;Inseminação;15/09/2025;1007;Prenhez;;16/02/2026 21:19;2300747;EXCLUIR
Fazenda Cordilheira;C9812;;Inseminação;27/11/2025;1008;Prenhez;11/09/2026;16/02/2026 21:19;2302752;MANTER
Fazenda Cordilheira;C9812;;Inseminação;27/11/2025;1008;Prenhez;;16/02/2026 21:19;2302755;EXCLUIR
fazenda cristiana;004;;Inseminação;30/01/2026;;Prenhez;;26/02/2026 12:49;2357029;MANTER
fazenda cristiana;004;;Inseminação;30/01/2026;;;;24/02/2026 23:47;2356979;EXCLUIR
Fazenda CRVLAGOA  LP;258;;Inseminação;05/12/2025;LOGAN;Prenhez;;24/02/2026 15:35;2353704;MANTER
Fazenda CRVLAGOA  LP;258;;Inseminação;05/12/2025;PANTANAL;Prenhez;;24/02/2026 15:35;2353800;EXCLUIR
Fazenda CRVLAGOA  LP;314;;Inseminação;05/12/2025;LOGAN;Vazio;;24/02/2026 15:35;2353779;MANTER
Fazenda CRVLAGOA  LP;314;;Inseminação;05/12/2025;PANTANAL;Prenhez;;24/02/2026 15:35;2353801;EXCLUIR
Fazenda CRVLAGOA  LP;54;;Inseminação;07/03/2025;RENEGADO;Vazio;;24/02/2026 15:35;2353220;MANTER
Fazenda CRVLAGOA  LP;54;;Inseminação;07/03/2025;RENEGADO;Prenhez;;24/02/2026 15:35;2353375;EXCLUIR
FAZENDA MIMOSO;2349;2349;Inseminação;11/03/2025;REM HAVARD;Não Diagnosticado;;03/03/2026 14:45;2381502;MANTER
FAZENDA MIMOSO;2349;2349;Inseminação;11/03/2025;REM HAVARD;Não Diagnosticado;;03/03/2026 14:45;2381505;EXCLUIR
FAZENDA MIMOSO;2341;2341;Inseminação;18/12/2025;QUICKMAN COL;Não Diagnosticado;;03/03/2026 14:45;2382242;MANTER
FAZENDA MIMOSO;2341;2341;Inseminação;18/12/2025;QUICKMAN COL;Não Diagnosticado;;03/03/2026 14:45;2382258;EXCLUIR
FAZENDA MIMOSO;2344;2344;Inseminação;18/12/2025;QUICKMAN COL;Não Diagnosticado;;03/03/2026 14:45;2382141;MANTER
FAZENDA MIMOSO;2344;2344;Inseminação;18/12/2025;QUICKMAN COL;Não Diagnosticado;;03/03/2026 14:45;2382224;EXCLUIR
FAZENDA MIMOSO;2301;2301;Inseminação;10/02/2025;TARUMÃ TUL;Não Diagnosticado;;03/03/2026 14:45;2381268;MANTER
FAZENDA MIMOSO;2301;2301;Inseminação;10/02/2025;TARUMÃ TUL;Não Diagnosticado;;03/03/2026 14:45;2381284;EXCLUIR
FAZENDA MIMOSO;2150;2150;Inseminação;10/02/2025;REM GERENTE;Vazio;;03/03/2026 14:45;2381157;MANTER
FAZENDA MIMOSO;2150;2150;Inseminação;10/02/2025;REM GERENTE;Prenhez;;03/03/2026 14:45;2381209;EXCLUIR
FAZENDA MIMOSO;1839;1839;Inseminação;11/03/2025;REM HAVARD;Não Diagnosticado;;03/03/2026 14:45;2381501;MANTER
FAZENDA MIMOSO;1839;1839;Inseminação;11/03/2025;REM HAVARD;Não Diagnosticado;;03/03/2026 14:45;2381507;EXCLUIR
FAZENDA MIMOSO;518;518;Inseminação;11/03/2025;REM HAVARD;Não Diagnosticado;;03/03/2026 14:45;2381487;MANTER
FAZENDA MIMOSO;518;518;Inseminação;11/03/2025;REM HAVARD;Não Diagnosticado;;03/03/2026 14:45;2381514;EXCLUIR
FAZENDA NOSSA SENHORA DA CONCEIÇÃO;4FA;;Inseminação;30/11/2023;COLONIAO AJ;Prenhez;;03/08/2026 16:12;2412267;MANTER
FAZENDA NOSSA SENHORA DA CONCEIÇÃO;4FA;;Inseminação;30/11/2023;COLONIAO AJ;Prenhez;;03/08/2026 16:12;2412353;EXCLUIR
FAZENDA NOSSA SENHORA DA CONCEIÇÃO;54FA;;Monta Natural;01/03/2024;REPRODUTOR MULTIPLO;Vazio;;03/08/2026 16:12;2412266;MANTER
FAZENDA NOSSA SENHORA DA CONCEIÇÃO;54FA;;Monta Natural;01/03/2024;REPRODUTOR MULTIPLO;Não diagnosticado;;03/08/2026 16:12;2412265;EXCLUIR
FAZENDA NOVILHA;EN6243;EN6243;Inseminação;02/04/2025;QATAR DA DI GÊNIO;Não Diagnosticado;;03/03/2026 14:20;2380036;MANTER
FAZENDA NOVILHA;EN6243;EN6243;Inseminação;02/04/2025;QATAR DA DI GÊNIO;Não Diagnosticado;;03/03/2026 14:20;2380041;EXCLUIR
FAZENDA NOVILHA;NAL8542;NAL8542;Inseminação;28/12/2024;QATAR DA DI GÊNIO;Vazio;;03/03/2026 14:20;2379778;MANTER
FAZENDA NOVILHA;NAL8542;NAL8542;Inseminação;28/12/2024;QATAR DA DI GÊNIO;Prenhez;;03/03/2026 14:20;2379785;EXCLUIR
FAZENDA SÃO TOMAZ - CHÁCARA;Nov Vermelha;Nov Vermelha;Inseminação;11/09/2024;A NATA FIV DAY;Prenhez;;03/03/2026 15:08;2382377;MANTER
FAZENDA SÃO TOMAZ - CHÁCARA;Nov Vermelha;Nov Vermelha;Inseminação;11/09/2024;A NATA FIV DAY;Vazio;;03/03/2026 15:08;2382384;EXCLUIR
FAZENDA SÃO TOMAZ - CHÁCARA;Novilha;Novilha;Inseminação;11/09/2024;A NATA FIV DAY;Vazio;;03/03/2026 15:08;2382382;MANTER
FAZENDA SÃO TOMAZ - CHÁCARA;Novilha;Novilha;Inseminação;11/09/2024;A NATA FIV DAY;Prenhez;;03/03/2026 15:08;2382386;EXCLUIR
FAZENDA SÃO TOMAZ - CHÁCARA;Novilha;Novilha;Inseminação;11/09/2024;A NATA FIV DAY;Prenhez;;03/03/2026 15:08;2382387;EXCLUIR
FAZENDA SÃO TOMAZ - CHÁCARA;21;21;Inseminação;13/06/2025;ARM JORBEN 1150;Prenhez;;03/03/2026 15:08;2382444;MANTER
FAZENDA SÃO TOMAZ - CHÁCARA;21;21;Inseminação;13/06/2025;ARM JORBEN 1150;Prenhez;;03/03/2026 15:08;2382447;EXCLUIR
FAZENDA SÃO TOMAZ - CHÁCARA;27;27;Inseminação;13/06/2025;ARM JORBEN 1150;Prenhez;;03/03/2026 15:08;2382445;MANTER
FAZENDA SÃO TOMAZ - CHÁCARA;27;27;Inseminação;13/06/2025;ARM JORBEN 1150;Prenhez;;03/03/2026 15:08;2382446;EXCLUIR
fazenda teste importação;0016;;Inseminação;12/12/2020;;;;13/08/2026 17:20;2412814;MANTER
fazenda teste importação;0016;;Inseminação;12/12/2020;;;;31/03/2026 19:44;2391329;EXCLUIR
fazenda teste importação;0014;;Inseminação;05/05/2025;;Vazio;;13/08/2026 17:20;2412812;MANTER
fazenda teste importação;0014;;Inseminação;05/05/2025;;;;31/03/2026 19:44;2391327;EXCLUIR
fazenda teste importação;0017;;Inseminação;13/12/2020;;;;13/08/2026 17:20;2412815;MANTER
fazenda teste importação;0017;;Inseminação;13/12/2020;;;;31/03/2026 19:44;2391330;EXCLUIR
fazenda teste importação;0015;;Inseminação;20/12/2025;;Vazio;;13/08/2026 17:20;2412813;MANTER
fazenda teste importação;0015;;Inseminação;20/12/2025;;;;31/03/2026 19:44;2391328;EXCLUIR
fazenda teste importação;0011;;Monta Natural;01/02/2025;;Vazio;22/11/2025;13/08/2026 17:20;2412809;MANTER
fazenda teste importação;0011;;Monta Natural;01/02/2025;;;22/11/2025;31/03/2026 19:44;2391324;EXCLUIR
fazenda teste importação;0013;;Inseminação;02/03/2026;;Vazio;;13/08/2026 17:20;2412811;MANTER
fazenda teste importação;0013;;Inseminação;02/03/2026;;;;31/03/2026 19:44;2391326;EXCLUIR
fazenda teste importação;0012;;Inseminação;02/03/2026;;Vazio;;13/08/2026 17:20;2412810;MANTER
fazenda teste importação;0012;;Inseminação;02/03/2026;;;;31/03/2026 19:44;2391325;EXCLUIR
Fazenda Vera Cruz 2;B053;VC B053;Inseminação;01/11/2024;RM38;Prenhez;;07/01/2026 18:58;137407;MANTER
Fazenda Vera Cruz 2;B053;VC B053;Inseminação;01/11/2024;RM38;Prenhez;;07/01/2026 18:58;137409;EXCLUIR
Fazenda Vera Cruz 2;B265;VC B265;Inseminação;19/01/2025;GAP131;Não diagnosticado;;04/02/2026 20:45;2267412;MANTER
Fazenda Vera Cruz 2;B265;VC B265;Inseminação;19/01/2025;GAP131;Não diagnosticado;;04/02/2026 20:45;2267413;EXCLUIR
Fazenda Vera Cruz 2;R017;VC R017;Inseminação;19/01/2025;GAP131;Não diagnosticado;;04/02/2026 20:45;2267475;MANTER
Fazenda Vera Cruz 2;R017;VC R017;Inseminação;19/01/2025;GAP131;Não diagnosticado;;04/02/2026 20:45;2267476;EXCLUIR
Fazenda Vera Cruz 2;U160;VC U160;Inseminação;19/01/2025;GAP131;Não diagnosticado;;04/02/2026 20:45;2267517;MANTER
Fazenda Vera Cruz 2;U160;VC U160;Inseminação;19/01/2025;GAP131;Não diagnosticado;;04/02/2026 20:45;2267518;EXCLUIR
Fazenda Vera Cruz 2;C103;VC C103;Inseminação;01/11/2024;RM38;Prenhez;;07/01/2026 18:58;137373;MANTER
Fazenda Vera Cruz 2;C103;VC C103;Inseminação;01/11/2024;RM38;Prenhez;;07/01/2026 18:58;137408;EXCLUIR
SÃO JOSÉ;003;ALUDE;Inseminação;24/10/2024;S001;Não diagnosticado;;11/08/2026 13:53;2412747;MANTER
SÃO JOSÉ;003;ALUDE;Inseminação;24/10/2024;S001;Não diagnosticado;;11/08/2026 13:53;2412748;EXCLUIR
SITIO JA;33 - VENDIDA;FUMAÇA;Inseminação;15/04/2023;S01;Vazio;;04/08/2026 17:16;2412517;MANTER
SITIO JA;33 - VENDIDA;FUMAÇA;Inseminação;15/04/2023;S01;Não diagnosticado;;04/08/2026 17:16;2412532;EXCLUIR
SITIO JA;S03;FELICIO;Inseminação;15/04/2023;S03;Prenhez;;04/08/2026 17:16;2412509;MANTER
SITIO JA;S03;FELICIO;Inseminação;15/04/2023;S03;Vazio;;04/08/2026 17:16;2412512;EXCLUIR
SITIO JA;S03;FELICIO;Inseminação;15/04/2023;S03;Não diagnosticado;;04/08/2026 17:16;2412527;EXCLUIR
SITIO JA;43;VERMELHA E BRANCA;Inseminação;15/04/2023;S01;Vazio;;04/08/2026 17:16;2412506;MANTER
SITIO JA;43;VERMELHA E BRANCA;Inseminação;15/04/2023;S01;Não diagnosticado;;04/08/2026 17:16;2412522;EXCLUIR
SITIO JA;01;SENEPOL F1;Inseminação;15/04/2023;S03;Vazio;;04/08/2026 17:16;2412511;MANTER
SITIO JA;01;SENEPOL F1;Inseminação;15/04/2023;S03;Não diagnosticado;;04/08/2026 17:16;2412526;EXCLUIR
SITIO JA;13;SENEPOL F1;Inseminação;15/04/2023;S03;Vazio;;04/08/2026 17:16;2412508;MANTER
SITIO JA;13;SENEPOL F1;Inseminação;15/04/2023;S03;Não diagnosticado;;04/08/2026 17:16;2412524;EXCLUIR
SITIO JA;86;SENEPOL F1;Inseminação;15/04/2023;S03;Prenhez;;04/08/2026 17:16;2412516;MANTER
SITIO JA;86;SENEPOL F1;Inseminação;15/04/2023;S03;Vazio;;04/08/2026 17:16;2412520;EXCLUIR
SITIO JA;86;SENEPOL F1;Inseminação;15/04/2023;S03;Não diagnosticado;;04/08/2026 17:16;2412531;EXCLUIR
SITIO JA;30;NELORE;Inseminação;15/04/2023;S01;Prenhez;;04/08/2026 17:16;2412507;MANTER
SITIO JA;30;NELORE;Inseminação;15/04/2023;S01;Não diagnosticado;;04/08/2026 17:16;2412523;EXCLUIR
SITIO JA;50P - VENDIDA;PINTADA;Inseminação;15/04/2023;S01;Vazio;;04/08/2026 17:16;2412515;MANTER
SITIO JA;50P - VENDIDA;PINTADA;Inseminação;15/04/2023;S01;Não diagnosticado;;04/08/2026 17:16;2412530;EXCLUIR
SITIO JA;49;NELORE;Inseminação;15/04/2023;S01;Vazio;;04/08/2026 17:16;2412510;MANTER
SITIO JA;49;NELORE;Inseminação;15/04/2023;S01;Não diagnosticado;;04/08/2026 17:16;2412525;EXCLUIR
SITIO JA;48 - VENDIDA;ORELHUDA;Inseminação;15/04/2023;S01;Prenhez;;04/08/2026 17:16;2412513;MANTER
SITIO JA;48 - VENDIDA;ORELHUDA;Inseminação;15/04/2023;S01;Não diagnosticado;;04/08/2026 17:16;2412528;EXCLUIR
SITIO JA;71;PRETA;Inseminação;15/04/2023;S03;Vazio;;04/08/2026 17:16;2412518;MANTER
SITIO JA;71;PRETA;Inseminação;15/04/2023;S03;Não diagnosticado;;04/08/2026 17:16;2412533;EXCLUIR
SITIO JA;73 - VENDIDA;MANCHADA AMARELA;Inseminação;15/04/2023;S01;Vazio;;04/08/2026 17:16;2412514;MANTER
SITIO JA;73 - VENDIDA;MANCHADA AMARELA;Inseminação;15/04/2023;S01;Não diagnosticado;;04/08/2026 17:16;2412529;EXCLUIR
Sítio Santana- Cesar;2045;;Inseminação;11/10/2024;FTPO9910;Prenhez;02/08/2025;14/04/2026 13:08;2395998;MANTER
Sítio Santana- Cesar;2045;;Inseminação;11/10/2024;FTPO9910;Prenhez;02/08/2025;14/04/2026 13:08;2395999;EXCLUIR
Sítio São João;102;;Inseminação;07/01/2023;0078;Prenhez;;07/02/2026 22:52;2267628;MANTER
Sítio São João;102;;Inseminação;07/01/2023;0078;Prenhez;;07/02/2026 22:53;2267629;EXCLUIR
Sítio São João;104;;Inseminação;07/02/2023;2990;Não diagnosticado;;07/02/2026 22:20;2267616;MANTER
Sítio São João;104;;Inseminação;07/02/2023;2990;Não diagnosticado;;07/02/2026 22:22;2267618;EXCLUIR
Sítio São João;104;;Inseminação;07/02/2023;2990;Não diagnosticado;;07/02/2026 22:23;2267620;EXCLUIR
Sítio São João;104;;Monta Natural;10/01/2024;2990;Não diagnosticado;;07/02/2026 22:26;2267622;MANTER
Sítio São João;104;;Monta Natural;10/01/2024;2990;Não diagnosticado;;07/02/2026 22:27;2267623;EXCLUIR
