categoria;animal;a12;referencia;o_que_fazer
1 - A12 repetido;1557;P460 1557 21;nascimento 25/12/2021;Dois animais diferentes com o mesmo A12. Apagar a duplicata se for o mesmo animal, ou trocar o brinco de um deles
1 - A12 repetido;1557;P460 1557 21;nascimento 28/12/2021;Dois animais diferentes com o mesmo A12. Apagar a duplicata se for o mesmo animal, ou trocar o brinco de um deles
1 - A12 repetido;1578;P460 1578 21;nascimento 07/09/2021;Dois animais diferentes com o mesmo A12. Apagar a duplicata se for o mesmo animal, ou trocar o brinco de um deles
1 - A12 repetido;1578;P460 1578 21;nascimento 28/12/2021;Dois animais diferentes com o mesmo A12. Apagar a duplicata se for o mesmo animal, ou trocar o brinco de um deles
1 - A12 repetido;1661;P460 1661 22;nascimento 03/06/2022;Dois animais diferentes com o mesmo A12. Apagar a duplicata se for o mesmo animal, ou trocar o brinco de um deles
1 - A12 repetido;1661;P460 1661 22;nascimento 24/01/2022;Dois animais diferentes com o mesmo A12. Apagar a duplicata se for o mesmo animal, ou trocar o brinco de um deles
1 - A12 repetido;1753;P460 1753 22;nascimento 03/03/2022;Dois animais diferentes com o mesmo A12. Apagar a duplicata se for o mesmo animal, ou trocar o brinco de um deles
1 - A12 repetido;1753;P460 1753 22;nascimento 19/01/2022;Dois animais diferentes com o mesmo A12. Apagar a duplicata se for o mesmo animal, ou trocar o brinco de um deles
1 - A12 repetido;1780;P460 1780 22;nascimento 09/04/2022;Dois animais diferentes com o mesmo A12. Apagar a duplicata se for o mesmo animal, ou trocar o brinco de um deles
1 - A12 repetido;1780;P460 1780 22;nascimento 11/03/2022;Dois animais diferentes com o mesmo A12. Apagar a duplicata se for o mesmo animal, ou trocar o brinco de um deles
1 - A12 repetido;1941;P460 1941 22;nascimento 16/07/2022;Dois animais diferentes com o mesmo A12. Apagar a duplicata se for o mesmo animal, ou trocar o brinco de um deles
1 - A12 repetido;1941;P460 1941 22;nascimento 29/07/2022;Dois animais diferentes com o mesmo A12. Apagar a duplicata se for o mesmo animal, ou trocar o brinco de um deles
1 - A12 repetido;1946;P460 1946 22;nascimento 01/09/2022;Dois animais diferentes com o mesmo A12. Apagar a duplicata se for o mesmo animal, ou trocar o brinco de um deles
1 - A12 repetido;1946;P460 1946 22;nascimento 18/07/2022;Dois animais diferentes com o mesmo A12. Apagar a duplicata se for o mesmo animal, ou trocar o brinco de um deles
1 - A12 repetido;2175;P460 2175 22;nascimento 11/10/2022;Dois animais diferentes com o mesmo A12. Apagar a duplicata se for o mesmo animal, ou trocar o brinco de um deles
1 - A12 repetido;2175;P460 2175 22;nascimento 11/10/2022;Dois animais diferentes com o mesmo A12. Apagar a duplicata se for o mesmo animal, ou trocar o brinco de um deles
1 - A12 repetido;2217;P460 2217 22;nascimento 21/11/2022;Dois animais diferentes com o mesmo A12. Apagar a duplicata se for o mesmo animal, ou trocar o brinco de um deles
1 - A12 repetido;2217;P460 2217 22;nascimento 26/10/2022;Dois animais diferentes com o mesmo A12. Apagar a duplicata se for o mesmo animal, ou trocar o brinco de um deles
1 - A12 repetido;3128;P460 3128 23;nascimento 25/10/2023;Dois animais diferentes com o mesmo A12. Apagar a duplicata se for o mesmo animal, ou trocar o brinco de um deles
1 - A12 repetido;3128;P460 3128 23;nascimento 28/10/2023;Dois animais diferentes com o mesmo A12. Apagar a duplicata se for o mesmo animal, ou trocar o brinco de um deles
1 - A12 repetido;315;P460 315  20;nascimento 10/08/2020;Dois animais diferentes com o mesmo A12. Apagar a duplicata se for o mesmo animal, ou trocar o brinco de um deles
1 - A12 repetido;315;P460 315  20;nascimento 16/09/2020;Dois animais diferentes com o mesmo A12. Apagar a duplicata se for o mesmo animal, ou trocar o brinco de um deles
1 - A12 repetido;3232;P460 3232 23;nascimento 07/12/2023;Dois animais diferentes com o mesmo A12. Apagar a duplicata se for o mesmo animal, ou trocar o brinco de um deles
1 - A12 repetido;3232;P460 3232 23;nascimento 08/12/2023;Dois animais diferentes com o mesmo A12. Apagar a duplicata se for o mesmo animal, ou trocar o brinco de um deles
1 - A12 repetido;3257;P460 3257 23;nascimento 15/12/2023;Dois animais diferentes com o mesmo A12. Apagar a duplicata se for o mesmo animal, ou trocar o brinco de um deles
1 - A12 repetido;3257;P460 3257 23;nascimento 15/12/2023;Dois animais diferentes com o mesmo A12. Apagar a duplicata se for o mesmo animal, ou trocar o brinco de um deles
1 - A12 repetido;3356;P460 3356 24;nascimento 21/01/2024;Dois animais diferentes com o mesmo A12. Apagar a duplicata se for o mesmo animal, ou trocar o brinco de um deles
1 - A12 repetido;3356;P460 3356 24;nascimento 28/01/2024;Dois animais diferentes com o mesmo A12. Apagar a duplicata se for o mesmo animal, ou trocar o brinco de um deles
1 - A12 repetido;3945;P460 3945 24;nascimento 16/10/2024;Dois animais diferentes com o mesmo A12. Apagar a duplicata se for o mesmo animal, ou trocar o brinco de um deles
1 - A12 repetido;3945;P460 3945 24;nascimento 18/10/2024;Dois animais diferentes com o mesmo A12. Apagar a duplicata se for o mesmo animal, ou trocar o brinco de um deles
1 - A12 repetido;418;P460 418  20;nascimento 25/10/2020;Dois animais diferentes com o mesmo A12. Apagar a duplicata se for o mesmo animal, ou trocar o brinco de um deles
1 - A12 repetido;418;P460 418  20;nascimento 30/10/2020;Dois animais diferentes com o mesmo A12. Apagar a duplicata se for o mesmo animal, ou trocar o brinco de um deles
1 - A12 repetido;4267;P460 4267 25;nascimento 05/04/2025;Dois animais diferentes com o mesmo A12. Apagar a duplicata se for o mesmo animal, ou trocar o brinco de um deles
1 - A12 repetido;4267;P460 4267 25;nascimento 09/03/2025;Dois animais diferentes com o mesmo A12. Apagar a duplicata se for o mesmo animal, ou trocar o brinco de um deles
1 - A12 repetido;615;P460 615  20;nascimento 23/12/2020;Dois animais diferentes com o mesmo A12. Apagar a duplicata se for o mesmo animal, ou trocar o brinco de um deles
1 - A12 repetido;615;P460 615  20;nascimento 30/12/2020;Dois animais diferentes com o mesmo A12. Apagar a duplicata se for o mesmo animal, ou trocar o brinco de um deles
1 - A12 repetido;616;P460 616  20;nascimento 24/12/2020;Dois animais diferentes com o mesmo A12. Apagar a duplicata se for o mesmo animal, ou trocar o brinco de um deles
1 - A12 repetido;616;P460 616  20;nascimento 30/12/2020;Dois animais diferentes com o mesmo A12. Apagar a duplicata se for o mesmo animal, ou trocar o brinco de um deles
1 - A12 repetido;617;P460 617  20;nascimento 25/12/2020;Dois animais diferentes com o mesmo A12. Apagar a duplicata se for o mesmo animal, ou trocar o brinco de um deles
1 - A12 repetido;D617;P460 617  20;nascimento 30/12/2020;Dois animais diferentes com o mesmo A12. Apagar a duplicata se for o mesmo animal, ou trocar o brinco de um deles
1 - A12 repetido;7301;P460 7301 16;nascimento 13/09/2016;Dois animais diferentes com o mesmo A12. Apagar a duplicata se for o mesmo animal, ou trocar o brinco de um deles
1 - A12 repetido;7301;P460 7301 16;nascimento 18/10/2016;Dois animais diferentes com o mesmo A12. Apagar a duplicata se for o mesmo animal, ou trocar o brinco de um deles
1 - A12 repetido;815;PJLK 815  15;nascimento 01/04/2015;Dois animais diferentes com o mesmo A12. Apagar a duplicata se for o mesmo animal, ou trocar o brinco de um deles
1 - A12 repetido;815;PJLK 815  15;nascimento 10/05/2015;Dois animais diferentes com o mesmo A12. Apagar a duplicata se for o mesmo animal, ou trocar o brinco de um deles
1 - A12 repetido;817;P460 817  11;nascimento 04/10/2011;Dois animais diferentes com o mesmo A12. Apagar a duplicata se for o mesmo animal, ou trocar o brinco de um deles
1 - A12 repetido;817;P460 817  11;nascimento 04/10/2011;Dois animais diferentes com o mesmo A12. Apagar a duplicata se for o mesmo animal, ou trocar o brinco de um deles
1 - A12 repetido;8427;P460 8427 18;nascimento 10/08/2018;Dois animais diferentes com o mesmo A12. Apagar a duplicata se for o mesmo animal, ou trocar o brinco de um deles
1 - A12 repetido;8427;P460 8427 18;nascimento 16/03/2018;Dois animais diferentes com o mesmo A12. Apagar a duplicata se for o mesmo animal, ou trocar o brinco de um deles
1 - A12 repetido;9328;P460 9328 19;nascimento 13/10/2019;Dois animais diferentes com o mesmo A12. Apagar a duplicata se for o mesmo animal, ou trocar o brinco de um deles
1 - A12 repetido;9328;P460 9328 19;nascimento 15/08/2019;Dois animais diferentes com o mesmo A12. Apagar a duplicata se for o mesmo animal, ou trocar o brinco de um deles
1 - A12 repetido;845;PJLK 845  15;nascimento 01/10/2015;Dois animais diferentes com o mesmo A12. Apagar a duplicata se for o mesmo animal, ou trocar o brinco de um deles
1 - A12 repetido;845;PJLK 845  15;nascimento 28/09/2015;Dois animais diferentes com o mesmo A12. Apagar a duplicata se for o mesmo animal, ou trocar o brinco de um deles
2 - Avaliacao sem grupo de manejo;1754;p460 1754 22;sobreano de 24/03/2023;Preencher o grupo de manejo na tela da avaliacao (sai em branco no TXT)
2 - Avaliacao sem grupo de manejo;1796;p460 1796 22;sobreano de 02/02/2024;Preencher o grupo de manejo na tela da avaliacao (sai em branco no TXT)
2 - Avaliacao sem grupo de manejo;1851;p460 1851 22;sobreano de 02/02/2024;Preencher o grupo de manejo na tela da avaliacao (sai em branco no TXT)
2 - Avaliacao sem grupo de manejo;2067;pJLK 2067 24;sobreano de 27/02/2026;Preencher o grupo de manejo na tela da avaliacao (sai em branco no TXT)
2 - Avaliacao sem grupo de manejo;2069;pJLK 2069 24;sobreano de 27/02/2026;Preencher o grupo de manejo na tela da avaliacao (sai em branco no TXT)
2 - Avaliacao sem grupo de manejo;2073;pJLK 2073 24;sobreano de 27/02/2026;Preencher o grupo de manejo na tela da avaliacao (sai em branco no TXT)
2 - Avaliacao sem grupo de manejo;2076;pJLK 2076 24;sobreano de 24/07/2026;Preencher o grupo de manejo na tela da avaliacao (sai em branco no TXT)
2 - Avaliacao sem grupo de manejo;2077;pJLK 2077 24;sobreano de 24/07/2026;Preencher o grupo de manejo na tela da avaliacao (sai em branco no TXT)
2 - Avaliacao sem grupo de manejo;2080;pJLK 2080 24;sobreano de 24/07/2026;Preencher o grupo de manejo na tela da avaliacao (sai em branco no TXT)
2 - Avaliacao sem grupo de manejo;2085;pJLK 2085 24;sobreano de 24/07/2026;Preencher o grupo de manejo na tela da avaliacao (sai em branco no TXT)
2 - Avaliacao sem grupo de manejo;2086;pJLK 2086 24;sobreano de 24/07/2026;Preencher o grupo de manejo na tela da avaliacao (sai em branco no TXT)
2 - Avaliacao sem grupo de manejo;2094;pJLK 2094 25;sobreano de 24/07/2026;Preencher o grupo de manejo na tela da avaliacao (sai em branco no TXT)
2 - Avaliacao sem grupo de manejo;2112;PJLK 2112 25;sobreano de 24/07/2026;Preencher o grupo de manejo na tela da avaliacao (sai em branco no TXT)
2 - Avaliacao sem grupo de manejo;2181;PJLK 2181 25;desmama de 26/08/2026;Preencher o grupo de manejo na tela da avaliacao (sai em branco no TXT)
2 - Avaliacao sem grupo de manejo;2185;PJLK 2185 25;desmama de 26/08/2026;Preencher o grupo de manejo na tela da avaliacao (sai em branco no TXT)
2 - Avaliacao sem grupo de manejo;2187;PJLK 2187 25;desmama de 26/08/2026;Preencher o grupo de manejo na tela da avaliacao (sai em branco no TXT)
2 - Avaliacao sem grupo de manejo;2189;PJLK 2189 25;desmama de 26/08/2026;Preencher o grupo de manejo na tela da avaliacao (sai em branco no TXT)
2 - Avaliacao sem grupo de manejo;2191;PJLK 2191 25;desmama de 26/08/2026;Preencher o grupo de manejo na tela da avaliacao (sai em branco no TXT)
2 - Avaliacao sem grupo de manejo;2192;PJLK 2192 25;desmama de 26/08/2026;Preencher o grupo de manejo na tela da avaliacao (sai em branco no TXT)
2 - Avaliacao sem grupo de manejo;2193;PJLK 2193 25;desmama de 26/08/2026;Preencher o grupo de manejo na tela da avaliacao (sai em branco no TXT)
2 - Avaliacao sem grupo de manejo;2199;PJLK 2199 25;desmama de 26/08/2026;Preencher o grupo de manejo na tela da avaliacao (sai em branco no TXT)
2 - Avaliacao sem grupo de manejo;2201;PJLK 2201 25;desmama de 26/08/2026;Preencher o grupo de manejo na tela da avaliacao (sai em branco no TXT)
2 - Avaliacao sem grupo de manejo;2202;PJLK 2202 25;desmama de 26/08/2026;Preencher o grupo de manejo na tela da avaliacao (sai em branco no TXT)
2 - Avaliacao sem grupo de manejo;2204;PJLK 2204 25;desmama de 26/08/2026;Preencher o grupo de manejo na tela da avaliacao (sai em branco no TXT)
2 - Avaliacao sem grupo de manejo;2207;PJLK 2207 25;desmama de 26/08/2026;Preencher o grupo de manejo na tela da avaliacao (sai em branco no TXT)
2 - Avaliacao sem grupo de manejo;4844;P460 4844 25;desmama de 26/08/2026;Preencher o grupo de manejo na tela da avaliacao (sai em branco no TXT)
2 - Avaliacao sem grupo de manejo;4847;P460 4847 25;desmama de 26/08/2026;Preencher o grupo de manejo na tela da avaliacao (sai em branco no TXT)
2 - Avaliacao sem grupo de manejo;4848;P460 4848 25;desmama de 26/08/2026;Preencher o grupo de manejo na tela da avaliacao (sai em branco no TXT)
2 - Avaliacao sem grupo de manejo;4849;P460 4849 25;desmama de 26/08/2026;Preencher o grupo de manejo na tela da avaliacao (sai em branco no TXT)
2 - Avaliacao sem grupo de manejo;4851;P460 4851 25;desmama de 26/08/2026;Preencher o grupo de manejo na tela da avaliacao (sai em branco no TXT)
2 - Avaliacao sem grupo de manejo;4853;P460 4853 25;desmama de 26/08/2026;Preencher o grupo de manejo na tela da avaliacao (sai em branco no TXT)
2 - Avaliacao sem grupo de manejo;4854;P460 4854 25;desmama de 26/08/2026;Preencher o grupo de manejo na tela da avaliacao (sai em branco no TXT)
2 - Avaliacao sem grupo de manejo;4856;P460 4856 25;desmama de 26/08/2026;Preencher o grupo de manejo na tela da avaliacao (sai em branco no TXT)
2 - Avaliacao sem grupo de manejo;4857;P460 4857 25;desmama de 26/08/2026;Preencher o grupo de manejo na tela da avaliacao (sai em branco no TXT)
2 - Avaliacao sem grupo de manejo;4858;P460 4858 25;desmama de 26/08/2026;Preencher o grupo de manejo na tela da avaliacao (sai em branco no TXT)
2 - Avaliacao sem grupo de manejo;4860;P460 4860 25;desmama de 26/08/2026;Preencher o grupo de manejo na tela da avaliacao (sai em branco no TXT)
2 - Avaliacao sem grupo de manejo;4861;P460 4861 25;desmama de 26/08/2026;Preencher o grupo de manejo na tela da avaliacao (sai em branco no TXT)
2 - Avaliacao sem grupo de manejo;4862;P460 4862 25;desmama de 26/08/2026;Preencher o grupo de manejo na tela da avaliacao (sai em branco no TXT)
2 - Avaliacao sem grupo de manejo;4863;P460 4863 25;desmama de 26/08/2026;Preencher o grupo de manejo na tela da avaliacao (sai em branco no TXT)
2 - Avaliacao sem grupo de manejo;4864;P460 4864 25;desmama de 26/08/2026;Preencher o grupo de manejo na tela da avaliacao (sai em branco no TXT)
2 - Avaliacao sem grupo de manejo;4866;P460 4866 25;desmama de 26/08/2026;Preencher o grupo de manejo na tela da avaliacao (sai em branco no TXT)
2 - Avaliacao sem grupo de manejo;4867;P460 4867 25;desmama de 26/08/2026;Preencher o grupo de manejo na tela da avaliacao (sai em branco no TXT)
2 - Avaliacao sem grupo de manejo;4869;P460 4869 25;desmama de 26/08/2026;Preencher o grupo de manejo na tela da avaliacao (sai em branco no TXT)
2 - Avaliacao sem grupo de manejo;4870;P460 4870 25;desmama de 26/08/2026;Preencher o grupo de manejo na tela da avaliacao (sai em branco no TXT)
2 - Avaliacao sem grupo de manejo;4871;P460 4871 25;desmama de 26/08/2026;Preencher o grupo de manejo na tela da avaliacao (sai em branco no TXT)
2 - Avaliacao sem grupo de manejo;4872;P460 4872 25;desmama de 26/08/2026;Preencher o grupo de manejo na tela da avaliacao (sai em branco no TXT)
2 - Avaliacao sem grupo de manejo;4873;P460 4873 25;desmama de 26/08/2026;Preencher o grupo de manejo na tela da avaliacao (sai em branco no TXT)
2 - Avaliacao sem grupo de manejo;4874;P460 4874 25;desmama de 26/08/2026;Preencher o grupo de manejo na tela da avaliacao (sai em branco no TXT)
2 - Avaliacao sem grupo de manejo;4875;P460 4875 25;desmama de 26/08/2026;Preencher o grupo de manejo na tela da avaliacao (sai em branco no TXT)
2 - Avaliacao sem grupo de manejo;4877;P460 4877 25;desmama de 26/08/2026;Preencher o grupo de manejo na tela da avaliacao (sai em branco no TXT)
2 - Avaliacao sem grupo de manejo;4879;P460 4879 25;desmama de 26/08/2026;Preencher o grupo de manejo na tela da avaliacao (sai em branco no TXT)
2 - Avaliacao sem grupo de manejo;4880;P460 4880 25;desmama de 26/08/2026;Preencher o grupo de manejo na tela da avaliacao (sai em branco no TXT)
2 - Avaliacao sem grupo de manejo;4881;P460 4881 25;desmama de 26/08/2026;Preencher o grupo de manejo na tela da avaliacao (sai em branco no TXT)
2 - Avaliacao sem grupo de manejo;4882;P460 4882 25;desmama de 26/08/2026;Preencher o grupo de manejo na tela da avaliacao (sai em branco no TXT)
2 - Avaliacao sem grupo de manejo;4884;P460 4884 25;desmama de 26/08/2026;Preencher o grupo de manejo na tela da avaliacao (sai em branco no TXT)
2 - Avaliacao sem grupo de manejo;4885;P460 4885 25;desmama de 26/08/2026;Preencher o grupo de manejo na tela da avaliacao (sai em branco no TXT)
2 - Avaliacao sem grupo de manejo;4886;P460 4886 25;desmama de 26/08/2026;Preencher o grupo de manejo na tela da avaliacao (sai em branco no TXT)
2 - Avaliacao sem grupo de manejo;4887;P460 4887 25;desmama de 26/08/2026;Preencher o grupo de manejo na tela da avaliacao (sai em branco no TXT)
2 - Avaliacao sem grupo de manejo;4888;P460 4888 25;desmama de 26/08/2026;Preencher o grupo de manejo na tela da avaliacao (sai em branco no TXT)
2 - Avaliacao sem grupo de manejo;4889;P460 4889 25;desmama de 26/08/2026;Preencher o grupo de manejo na tela da avaliacao (sai em branco no TXT)
2 - Avaliacao sem grupo de manejo;4891;P460 4891 25;desmama de 26/08/2026;Preencher o grupo de manejo na tela da avaliacao (sai em branco no TXT)
2 - Avaliacao sem grupo de manejo;4892;P460 4892 25;desmama de 26/08/2026;Preencher o grupo de manejo na tela da avaliacao (sai em branco no TXT)
2 - Avaliacao sem grupo de manejo;4895;P460 4895 25;desmama de 26/08/2026;Preencher o grupo de manejo na tela da avaliacao (sai em branco no TXT)
2 - Avaliacao sem grupo de manejo;4897;P460 4897 25;desmama de 26/08/2026;Preencher o grupo de manejo na tela da avaliacao (sai em branco no TXT)
2 - Avaliacao sem grupo de manejo;4898;P460 4898 25;desmama de 26/08/2026;Preencher o grupo de manejo na tela da avaliacao (sai em branco no TXT)
2 - Avaliacao sem grupo de manejo;4899;P460 4899 25;desmama de 26/08/2026;Preencher o grupo de manejo na tela da avaliacao (sai em branco no TXT)
2 - Avaliacao sem grupo de manejo;4900;P460 4900 25;desmama de 26/08/2026;Preencher o grupo de manejo na tela da avaliacao (sai em branco no TXT)
2 - Avaliacao sem grupo de manejo;4901;P460 4901 25;desmama de 26/08/2026;Preencher o grupo de manejo na tela da avaliacao (sai em branco no TXT)
2 - Avaliacao sem grupo de manejo;4902;P460 4902 25;desmama de 26/08/2026;Preencher o grupo de manejo na tela da avaliacao (sai em branco no TXT)
2 - Avaliacao sem grupo de manejo;4903;P460 4903 25;desmama de 26/08/2026;Preencher o grupo de manejo na tela da avaliacao (sai em branco no TXT)
2 - Avaliacao sem grupo de manejo;4904;P460 4904 25;desmama de 26/08/2026;Preencher o grupo de manejo na tela da avaliacao (sai em branco no TXT)
2 - Avaliacao sem grupo de manejo;4905;P460 4905 25;desmama de 26/08/2026;Preencher o grupo de manejo na tela da avaliacao (sai em branco no TXT)
2 - Avaliacao sem grupo de manejo;4906;P460 4906 25;desmama de 26/08/2026;Preencher o grupo de manejo na tela da avaliacao (sai em branco no TXT)
2 - Avaliacao sem grupo de manejo;4907;P460 4907 25;desmama de 26/08/2026;Preencher o grupo de manejo na tela da avaliacao (sai em branco no TXT)
2 - Avaliacao sem grupo de manejo;4908;P460 4908 25;desmama de 26/08/2026;Preencher o grupo de manejo na tela da avaliacao (sai em branco no TXT)
2 - Avaliacao sem grupo de manejo;4909;P460 4909 25;desmama de 26/08/2026;Preencher o grupo de manejo na tela da avaliacao (sai em branco no TXT)
2 - Avaliacao sem grupo de manejo;4910;P460 4910 25;desmama de 26/08/2026;Preencher o grupo de manejo na tela da avaliacao (sai em branco no TXT)
2 - Avaliacao sem grupo de manejo;4911;P460 4911 25;desmama de 26/08/2026;Preencher o grupo de manejo na tela da avaliacao (sai em branco no TXT)
2 - Avaliacao sem grupo de manejo;4912;P460 4912 25;desmama de 26/08/2026;Preencher o grupo de manejo na tela da avaliacao (sai em branco no TXT)
2 - Avaliacao sem grupo de manejo;4913;P460 4913 25;desmama de 26/08/2026;Preencher o grupo de manejo na tela da avaliacao (sai em branco no TXT)
2 - Avaliacao sem grupo de manejo;4914;P460 4914 25;desmama de 26/08/2026;Preencher o grupo de manejo na tela da avaliacao (sai em branco no TXT)
2 - Avaliacao sem grupo de manejo;4915;P460 4915 25;desmama de 26/08/2026;Preencher o grupo de manejo na tela da avaliacao (sai em branco no TXT)
2 - Avaliacao sem grupo de manejo;4916;P460 4916 25;desmama de 26/08/2026;Preencher o grupo de manejo na tela da avaliacao (sai em branco no TXT)
2 - Avaliacao sem grupo de manejo;4918;P460 4918 25;desmama de 26/08/2026;Preencher o grupo de manejo na tela da avaliacao (sai em branco no TXT)
2 - Avaliacao sem grupo de manejo;4919;P460 4919 25;desmama de 26/08/2026;Preencher o grupo de manejo na tela da avaliacao (sai em branco no TXT)
2 - Avaliacao sem grupo de manejo;4921;P460 4921 25;desmama de 26/08/2026;Preencher o grupo de manejo na tela da avaliacao (sai em branco no TXT)
2 - Avaliacao sem grupo de manejo;4923;P460 4923 25;desmama de 26/08/2026;Preencher o grupo de manejo na tela da avaliacao (sai em branco no TXT)
2 - Avaliacao sem grupo de manejo;4924;P460 4924 25;desmama de 26/08/2026;Preencher o grupo de manejo na tela da avaliacao (sai em branco no TXT)
2 - Avaliacao sem grupo de manejo;4925;P460 4925 25;desmama de 26/08/2026;Preencher o grupo de manejo na tela da avaliacao (sai em branco no TXT)
2 - Avaliacao sem grupo de manejo;4926;P460 4926 25;desmama de 26/08/2026;Preencher o grupo de manejo na tela da avaliacao (sai em branco no TXT)
2 - Avaliacao sem grupo de manejo;4930;P460 4930 25;desmama de 26/08/2026;Preencher o grupo de manejo na tela da avaliacao (sai em branco no TXT)
2 - Avaliacao sem grupo de manejo;4931;P460 4931 25;desmama de 26/08/2026;Preencher o grupo de manejo na tela da avaliacao (sai em branco no TXT)
2 - Avaliacao sem grupo de manejo;4932;P460 4932 25;desmama de 26/08/2026;Preencher o grupo de manejo na tela da avaliacao (sai em branco no TXT)
2 - Avaliacao sem grupo de manejo;4934;P460 4934 25;desmama de 26/08/2026;Preencher o grupo de manejo na tela da avaliacao (sai em branco no TXT)
2 - Avaliacao sem grupo de manejo;4935;P460 4935 25;desmama de 26/08/2026;Preencher o grupo de manejo na tela da avaliacao (sai em branco no TXT)
2 - Avaliacao sem grupo de manejo;4936;P460 4936 25;desmama de 26/08/2026;Preencher o grupo de manejo na tela da avaliacao (sai em branco no TXT)
2 - Avaliacao sem grupo de manejo;4937;P460 4937 25;desmama de 26/08/2026;Preencher o grupo de manejo na tela da avaliacao (sai em branco no TXT)
2 - Avaliacao sem grupo de manejo;4938;P460 4938 25;desmama de 26/08/2026;Preencher o grupo de manejo na tela da avaliacao (sai em branco no TXT)
2 - Avaliacao sem grupo de manejo;4939;P460 4939 25;desmama de 26/08/2026;Preencher o grupo de manejo na tela da avaliacao (sai em branco no TXT)
2 - Avaliacao sem grupo de manejo;4940;P460 4940 25;desmama de 26/08/2026;Preencher o grupo de manejo na tela da avaliacao (sai em branco no TXT)
2 - Avaliacao sem grupo de manejo;4941;P460 4941 25;desmama de 26/08/2026;Preencher o grupo de manejo na tela da avaliacao (sai em branco no TXT)
2 - Avaliacao sem grupo de manejo;4942;P460 4942 25;desmama de 26/08/2026;Preencher o grupo de manejo na tela da avaliacao (sai em branco no TXT)
2 - Avaliacao sem grupo de manejo;4943;P460 4943 25;desmama de 26/08/2026;Preencher o grupo de manejo na tela da avaliacao (sai em branco no TXT)
2 - Avaliacao sem grupo de manejo;4944;P460 4944 25;desmama de 26/08/2026;Preencher o grupo de manejo na tela da avaliacao (sai em branco no TXT)
2 - Avaliacao sem grupo de manejo;4945;P460 4945 25;desmama de 26/08/2026;Preencher o grupo de manejo na tela da avaliacao (sai em branco no TXT)
2 - Avaliacao sem grupo de manejo;4946;P460 4946 25;desmama de 26/08/2026;Preencher o grupo de manejo na tela da avaliacao (sai em branco no TXT)
2 - Avaliacao sem grupo de manejo;4947;P460 4947 25;desmama de 26/08/2026;Preencher o grupo de manejo na tela da avaliacao (sai em branco no TXT)
2 - Avaliacao sem grupo de manejo;4948;P460 4948 25;desmama de 26/08/2026;Preencher o grupo de manejo na tela da avaliacao (sai em branco no TXT)
2 - Avaliacao sem grupo de manejo;4949;P460 4949 25;desmama de 26/08/2026;Preencher o grupo de manejo na tela da avaliacao (sai em branco no TXT)
2 - Avaliacao sem grupo de manejo;4950;P460 4950 25;desmama de 26/08/2026;Preencher o grupo de manejo na tela da avaliacao (sai em branco no TXT)
2 - Avaliacao sem grupo de manejo;4951;P460 4951 25;desmama de 26/08/2026;Preencher o grupo de manejo na tela da avaliacao (sai em branco no TXT)
2 - Avaliacao sem grupo de manejo;4953;P460 4953 25;desmama de 26/08/2026;Preencher o grupo de manejo na tela da avaliacao (sai em branco no TXT)
2 - Avaliacao sem grupo de manejo;4954;P460 4954 25;desmama de 26/08/2026;Preencher o grupo de manejo na tela da avaliacao (sai em branco no TXT)
2 - Avaliacao sem grupo de manejo;4955;P460 4955 25;desmama de 26/08/2026;Preencher o grupo de manejo na tela da avaliacao (sai em branco no TXT)
2 - Avaliacao sem grupo de manejo;4956;P460 4956 25;desmama de 26/08/2026;Preencher o grupo de manejo na tela da avaliacao (sai em branco no TXT)
2 - Avaliacao sem grupo de manejo;4957;P460 4957 25;desmama de 26/08/2026;Preencher o grupo de manejo na tela da avaliacao (sai em branco no TXT)
2 - Avaliacao sem grupo de manejo;4958;P460 4958 25;desmama de 26/08/2026;Preencher o grupo de manejo na tela da avaliacao (sai em branco no TXT)
2 - Avaliacao sem grupo de manejo;4959;P460 4959 25;desmama de 26/08/2026;Preencher o grupo de manejo na tela da avaliacao (sai em branco no TXT)
2 - Avaliacao sem grupo de manejo;4960;P460 4960 25;desmama de 26/08/2026;Preencher o grupo de manejo na tela da avaliacao (sai em branco no TXT)
2 - Avaliacao sem grupo de manejo;4961;P460 4961 25;desmama de 26/08/2026;Preencher o grupo de manejo na tela da avaliacao (sai em branco no TXT)
2 - Avaliacao sem grupo de manejo;4962;P460 4962 25;desmama de 26/08/2026;Preencher o grupo de manejo na tela da avaliacao (sai em branco no TXT)
2 - Avaliacao sem grupo de manejo;4963;P460 4963 25;desmama de 26/08/2026;Preencher o grupo de manejo na tela da avaliacao (sai em branco no TXT)
2 - Avaliacao sem grupo de manejo;4966;P460 4966 25;desmama de 26/08/2026;Preencher o grupo de manejo na tela da avaliacao (sai em branco no TXT)
2 - Avaliacao sem grupo de manejo;4967;P460 4967 25;desmama de 26/08/2026;Preencher o grupo de manejo na tela da avaliacao (sai em branco no TXT)
2 - Avaliacao sem grupo de manejo;4968;P460 4968 25;desmama de 26/08/2026;Preencher o grupo de manejo na tela da avaliacao (sai em branco no TXT)
2 - Avaliacao sem grupo de manejo;4969;P460 4969 25;desmama de 26/08/2026;Preencher o grupo de manejo na tela da avaliacao (sai em branco no TXT)
2 - Avaliacao sem grupo de manejo;4970;P460 4970 25;desmama de 26/08/2026;Preencher o grupo de manejo na tela da avaliacao (sai em branco no TXT)
2 - Avaliacao sem grupo de manejo;4971;P460 4971 25;desmama de 26/08/2026;Preencher o grupo de manejo na tela da avaliacao (sai em branco no TXT)
2 - Avaliacao sem grupo de manejo;4972;P460 4972 25;desmama de 26/08/2026;Preencher o grupo de manejo na tela da avaliacao (sai em branco no TXT)
2 - Avaliacao sem grupo de manejo;4973;P460 4973 25;desmama de 26/08/2026;Preencher o grupo de manejo na tela da avaliacao (sai em branco no TXT)
2 - Avaliacao sem grupo de manejo;4974;P460 4974 25;desmama de 26/08/2026;Preencher o grupo de manejo na tela da avaliacao (sai em branco no TXT)
2 - Avaliacao sem grupo de manejo;4977;P460 4977 25;desmama de 26/08/2026;Preencher o grupo de manejo na tela da avaliacao (sai em branco no TXT)
2 - Avaliacao sem grupo de manejo;4978;P460 4978 25;desmama de 26/08/2026;Preencher o grupo de manejo na tela da avaliacao (sai em branco no TXT)
2 - Avaliacao sem grupo de manejo;4979;P460 4979 25;desmama de 26/08/2026;Preencher o grupo de manejo na tela da avaliacao (sai em branco no TXT)
2 - Avaliacao sem grupo de manejo;4981;P460 4981 25;desmama de 26/08/2026;Preencher o grupo de manejo na tela da avaliacao (sai em branco no TXT)
2 - Avaliacao sem grupo de manejo;4982;P460 4982 25;desmama de 26/08/2026;Preencher o grupo de manejo na tela da avaliacao (sai em branco no TXT)
2 - Avaliacao sem grupo de manejo;4984;P460 4984 25;desmama de 26/08/2026;Preencher o grupo de manejo na tela da avaliacao (sai em branco no TXT)
2 - Avaliacao sem grupo de manejo;4985;P460 4985 25;desmama de 26/08/2026;Preencher o grupo de manejo na tela da avaliacao (sai em branco no TXT)
2 - Avaliacao sem grupo de manejo;4986;P460 4986 25;desmama de 26/08/2026;Preencher o grupo de manejo na tela da avaliacao (sai em branco no TXT)
2 - Avaliacao sem grupo de manejo;4987;P460 4987 25;desmama de 26/08/2026;Preencher o grupo de manejo na tela da avaliacao (sai em branco no TXT)
2 - Avaliacao sem grupo de manejo;4988;P460 4988 25;desmama de 26/08/2026;Preencher o grupo de manejo na tela da avaliacao (sai em branco no TXT)
2 - Avaliacao sem grupo de manejo;4989;P460 4989 25;desmama de 26/08/2026;Preencher o grupo de manejo na tela da avaliacao (sai em branco no TXT)
2 - Avaliacao sem grupo de manejo;4993;P460 4993 26;desmama de 26/08/2026;Preencher o grupo de manejo na tela da avaliacao (sai em branco no TXT)
2 - Avaliacao sem grupo de manejo;4994;P460 4994 26;desmama de 26/08/2026;Preencher o grupo de manejo na tela da avaliacao (sai em branco no TXT)
2 - Avaliacao sem grupo de manejo;(nao encontrado);PJLK 1114 17;desmama de 09/01/2018;A avaliacao esta com registro JLK mas na ficha o animal e Nelore comum. Marcar como PO na ficha, ou corrigir o registro da avaliacao
2 - Avaliacao sem grupo de manejo;(nao encontrado);PJLK 1115 17;desmama de 09/01/2018;A avaliacao esta com registro JLK mas na ficha o animal e Nelore comum. Marcar como PO na ficha, ou corrigir o registro da avaliacao
2 - Avaliacao sem grupo de manejo;(nao encontrado);PJLK 1118 17;desmama de 09/01/2018;A avaliacao esta com registro JLK mas na ficha o animal e Nelore comum. Marcar como PO na ficha, ou corrigir o registro da avaliacao
3 - Data de nascimento errada na ficha;1472;;ficha 11/10/2019 / parto 25/09/2019;Corrigir a data de nascimento na ficha para a data do parto confirmado
3 - Data de nascimento errada na ficha;1548;;ficha 29/03/2020 / parto 21/03/2020;Corrigir a data de nascimento na ficha para a data do parto confirmado
3 - Data de nascimento errada na ficha;1612;;ficha 28/11/2020 / parto 26/11/2020;Corrigir a data de nascimento na ficha para a data do parto confirmado
3 - Data de nascimento errada na ficha;1671;;ficha 28/01/2022 / parto 08/01/2022;Corrigir a data de nascimento na ficha para a data do parto confirmado
3 - Data de nascimento errada na ficha;1704;;ficha 16/02/2022 / parto 09/02/2022;Corrigir a data de nascimento na ficha para a data do parto confirmado
3 - Data de nascimento errada na ficha;1708;;ficha 16/02/2022 / parto 11/02/2022;Corrigir a data de nascimento na ficha para a data do parto confirmado
3 - Data de nascimento errada na ficha;1710;;ficha 29/08/2021 / parto 25/08/2021;Corrigir a data de nascimento na ficha para a data do parto confirmado
3 - Data de nascimento errada na ficha;1718;;ficha 20/10/2021 / parto 06/10/2021;Corrigir a data de nascimento na ficha para a data do parto confirmado
3 - Data de nascimento errada na ficha;1739;;ficha 24/12/2021 / parto 29/12/2021;Corrigir a data de nascimento na ficha para a data do parto confirmado
3 - Data de nascimento errada na ficha;1740;;ficha 25/12/2021 / parto 29/12/2021;Corrigir a data de nascimento na ficha para a data do parto confirmado
3 - Data de nascimento errada na ficha;2134;;ficha 08/08/2025 / parto 07/08/2025;Corrigir a data de nascimento na ficha para a data do parto confirmado
3 - Data de nascimento errada na ficha;2135;;ficha 08/08/2025 / parto 07/08/2025;Corrigir a data de nascimento na ficha para a data do parto confirmado
3 - Data de nascimento errada na ficha;2143;;ficha 17/08/2025 / parto 14/08/2025;Corrigir a data de nascimento na ficha para a data do parto confirmado
3 - Data de nascimento errada na ficha;2173;;ficha 02/10/2025 / parto 08/10/2025;Corrigir a data de nascimento na ficha para a data do parto confirmado
3 - Data de nascimento errada na ficha;2174;;ficha 03/10/2025 / parto 11/10/2025;Corrigir a data de nascimento na ficha para a data do parto confirmado
3 - Data de nascimento errada na ficha;2177;;ficha 15/10/2022 / parto 11/10/2022;Corrigir a data de nascimento na ficha para a data do parto confirmado
3 - Data de nascimento errada na ficha;2179;;ficha 28/10/2025 / parto 29/10/2025;Corrigir a data de nascimento na ficha para a data do parto confirmado
3 - Data de nascimento errada na ficha;2267;;ficha 08/11/2022 / parto 20/11/2022;Corrigir a data de nascimento na ficha para a data do parto confirmado
3 - Data de nascimento errada na ficha;2652;;ficha 31/03/2023 / parto 20/03/2023;Corrigir a data de nascimento na ficha para a data do parto confirmado
3 - Data de nascimento errada na ficha;268;;ficha 01/09/2020 / parto 23/09/2020;Corrigir a data de nascimento na ficha para a data do parto confirmado
3 - Data de nascimento errada na ficha;3006;;ficha 06/09/2023 / parto 05/10/2023;Corrigir a data de nascimento na ficha para a data do parto confirmado
3 - Data de nascimento errada na ficha;31;;ficha 13/04/2021 / parto 30/03/2021;Corrigir a data de nascimento na ficha para a data do parto confirmado
3 - Data de nascimento errada na ficha;3406;;ficha 16/02/2023 / parto 28/01/2023;Corrigir a data de nascimento na ficha para a data do parto confirmado
3 - Data de nascimento errada na ficha;3452;;ficha 17/03/2023 / parto 09/04/2023;Corrigir a data de nascimento na ficha para a data do parto confirmado
3 - Data de nascimento errada na ficha;3453;;ficha 17/03/2023 / parto 12/04/2023;Corrigir a data de nascimento na ficha para a data do parto confirmado
3 - Data de nascimento errada na ficha;3459;;ficha 20/03/2023 / parto 09/04/2023;Corrigir a data de nascimento na ficha para a data do parto confirmado
3 - Data de nascimento errada na ficha;4102;;ficha 20/12/2024 / parto 11/12/2024;Corrigir a data de nascimento na ficha para a data do parto confirmado
3 - Data de nascimento errada na ficha;4103;;ficha 20/12/2024 / parto 11/12/2024;Corrigir a data de nascimento na ficha para a data do parto confirmado
3 - Data de nascimento errada na ficha;437;;ficha 29/07/2026 / parto 25/07/2026;Corrigir a data de nascimento na ficha para a data do parto confirmado
3 - Data de nascimento errada na ficha;4486;;ficha 20/07/2025 / parto 28/07/2025;Corrigir a data de nascimento na ficha para a data do parto confirmado
3 - Data de nascimento errada na ficha;45;;ficha 15/04/2021 / parto 22/03/2021;Corrigir a data de nascimento na ficha para a data do parto confirmado
3 - Data de nascimento errada na ficha;4513;;ficha 01/08/2025 / parto 30/07/2025;Corrigir a data de nascimento na ficha para a data do parto confirmado
3 - Data de nascimento errada na ficha;4538;;ficha 01/08/2025 / parto 05/08/2025;Corrigir a data de nascimento na ficha para a data do parto confirmado
3 - Data de nascimento errada na ficha;4539;;ficha 02/08/2025 / parto 05/08/2025;Corrigir a data de nascimento na ficha para a data do parto confirmado
3 - Data de nascimento errada na ficha;4540;;ficha 02/08/2025 / parto 06/08/2025;Corrigir a data de nascimento na ficha para a data do parto confirmado
3 - Data de nascimento errada na ficha;4541;;ficha 02/08/2025 / parto 06/08/2025;Corrigir a data de nascimento na ficha para a data do parto confirmado
3 - Data de nascimento errada na ficha;4542;;ficha 02/08/2025 / parto 06/08/2025;Corrigir a data de nascimento na ficha para a data do parto confirmado
3 - Data de nascimento errada na ficha;4543;;ficha 02/08/2025 / parto 06/08/2025;Corrigir a data de nascimento na ficha para a data do parto confirmado
3 - Data de nascimento errada na ficha;4544;;ficha 02/08/2025 / parto 06/08/2025;Corrigir a data de nascimento na ficha para a data do parto confirmado
3 - Data de nascimento errada na ficha;4545;;ficha 02/08/2025 / parto 06/08/2025;Corrigir a data de nascimento na ficha para a data do parto confirmado
3 - Data de nascimento errada na ficha;4546;;ficha 02/08/2025 / parto 06/08/2025;Corrigir a data de nascimento na ficha para a data do parto confirmado
3 - Data de nascimento errada na ficha;4554;;ficha 08/08/2025 / parto 07/08/2025;Corrigir a data de nascimento na ficha para a data do parto confirmado
3 - Data de nascimento errada na ficha;4572;;ficha 01/08/2025 / parto 10/08/2025;Corrigir a data de nascimento na ficha para a data do parto confirmado
3 - Data de nascimento errada na ficha;4601;;ficha 13/08/2025 / parto 14/08/2025;Corrigir a data de nascimento na ficha para a data do parto confirmado
3 - Data de nascimento errada na ficha;4610;;ficha 15/08/2025 / parto 14/08/2025;Corrigir a data de nascimento na ficha para a data do parto confirmado
3 - Data de nascimento errada na ficha;462;;ficha 14/11/2020 / parto 29/11/2020;Corrigir a data de nascimento na ficha para a data do parto confirmado
3 - Data de nascimento errada na ficha;4627;;ficha 18/08/2025 / parto 16/08/2025;Corrigir a data de nascimento na ficha para a data do parto confirmado
3 - Data de nascimento errada na ficha;4645;;ficha 21/08/2025 / parto 22/08/2025;Corrigir a data de nascimento na ficha para a data do parto confirmado
3 - Data de nascimento errada na ficha;4660;;ficha 26/08/2025 / parto 25/08/2025;Corrigir a data de nascimento na ficha para a data do parto confirmado
3 - Data de nascimento errada na ficha;4787;;ficha 02/10/2025 / parto 03/10/2025;Corrigir a data de nascimento na ficha para a data do parto confirmado
3 - Data de nascimento errada na ficha;4810;;ficha 09/10/2025 / parto 10/10/2025;Corrigir a data de nascimento na ficha para a data do parto confirmado
3 - Data de nascimento errada na ficha;4818;;ficha 14/10/2025 / parto 13/10/2025;Corrigir a data de nascimento na ficha para a data do parto confirmado
3 - Data de nascimento errada na ficha;4927;;ficha 07/12/2025 / parto 06/12/2025;Corrigir a data de nascimento na ficha para a data do parto confirmado
3 - Data de nascimento errada na ficha;4995;;ficha 04/01/2026 / parto 02/01/2026;Corrigir a data de nascimento na ficha para a data do parto confirmado
3 - Data de nascimento errada na ficha;5029;;ficha 05/01/2026 / parto 15/01/2026;Corrigir a data de nascimento na ficha para a data do parto confirmado
3 - Data de nascimento errada na ficha;5032;;ficha 05/01/2026 / parto 15/01/2026;Corrigir a data de nascimento na ficha para a data do parto confirmado
3 - Data de nascimento errada na ficha;5052;;ficha 05/02/2026 / parto 08/02/2026;Corrigir a data de nascimento na ficha para a data do parto confirmado
3 - Data de nascimento errada na ficha;5059;;ficha 08/02/2026 / parto 05/02/2026;Corrigir a data de nascimento na ficha para a data do parto confirmado
3 - Data de nascimento errada na ficha;5072;;ficha 20/02/2026 / parto 16/02/2026;Corrigir a data de nascimento na ficha para a data do parto confirmado
3 - Data de nascimento errada na ficha;5073;;ficha 20/02/2026 / parto 17/02/2026;Corrigir a data de nascimento na ficha para a data do parto confirmado
3 - Data de nascimento errada na ficha;5074;;ficha 16/02/2026 / parto 17/02/2026;Corrigir a data de nascimento na ficha para a data do parto confirmado
3 - Data de nascimento errada na ficha;5352;;ficha 25/07/2026 / parto 29/07/2026;Corrigir a data de nascimento na ficha para a data do parto confirmado
3 - Data de nascimento errada na ficha;6903;;ficha 09/11/2015 / parto 28/10/2015;Corrigir a data de nascimento na ficha para a data do parto confirmado
3 - Data de nascimento errada na ficha;9285;;ficha 02/08/2019 / parto 01/08/2019;Corrigir a data de nascimento na ficha para a data do parto confirmado
3 - Data de nascimento errada na ficha;9397;;ficha 31/08/2019 / parto 26/08/2019;Corrigir a data de nascimento na ficha para a data do parto confirmado
3 - Data de nascimento errada na ficha;9580;;ficha 12/11/2019 / parto 07/11/2019;Corrigir a data de nascimento na ficha para a data do parto confirmado
4 - Pai ou mae sem A12;FORTUNA;;(sem nome) - 3 filho(s) - registro: FEMEA;Preencher a data de nascimento na ficha (a genealogia dos filhos sai em branco no TXT)
4 - Pai ou mae sem A12;GIR VERMELHA;;(sem nome) - 2 filho(s) - registro: FEMEA;Preencher a data de nascimento na ficha (a genealogia dos filhos sai em branco no TXT)
4 - Pai ou mae sem A12;7602 G;;1,51E+12 - 1 filho(s) - registro: FEMEA;Preencher a data de nascimento na ficha (a genealogia dos filhos sai em branco no TXT)
4 - Pai ou mae sem A12;G CORUJA;;1,39E+12 - 1 filho(s) - registro: FEMEA;Preencher a data de nascimento na ficha (a genealogia dos filhos sai em branco no TXT)
4 - Pai ou mae sem A12;PITOCA SALINA;;(sem nome) - 1 filho(s) - registro: vazio;Preencher a data de nascimento na ficha (a genealogia dos filhos sai em branco no TXT)
4 - Pai ou mae sem A12;SABB3673;;DHAMEKH FIV DA SABIA - 1 filho(s) - registro: RGD SABB367;Preencher o codigo de registro com o A12 do PAINT (a genealogia dos filhos sai em branco no TXT)
4 - Pai ou mae sem A12;UBRUDA;;(sem nome) - 1 filho(s) - registro: vazio;Preencher a data de nascimento na ficha (a genealogia dos filhos sai em branco no TXT)
